filename,true_label,vit_f0_prob,vit_f1_prob,vit_f2_prob,vit_f3_prob,vit_f4_prob
a1002.jpg,F0,0.91991234,0.019257756,0.021515174,0.018988831,0.02032587
a1045.jpg,F0,0.91991234,0.019257756,0.021515174,0.018988831,0.02032587
a108.jpg,F0,0.91756994,0.019827407,0.020893019,0.021783719,0.019925963
a109.jpg,F0,0.9184686,0.021805733,0.019617377,0.02046082,0.019647483
a1117.jpg,F0,0.92243344,0.020641644,0.01903544,0.019783624,0.018105853
a1129.jpg,F0,0.9157591,0.022232942,0.020494169,0.021665156,0.019848602
a1160.jpg,F0,0.9165876,0.019928148,0.019283874,0.021303212,0.022897149
a1167.jpg,F0,0.92470914,0.017382413,0.02212002,0.01986855,0.015919955
a1171.jpg,F0,0.9141488,0.019959647,0.020601997,0.02288754,0.022402024
a123.jpg,F0,0.9174722,0.021860247,0.019416621,0.020499075,0.020751797
a1265.jpg,F0,0.9124992,0.020933798,0.02205222,0.022105563,0.02240918
a141.jpg,F0,0.9252397,0.019494832,0.018337836,0.019522596,0.01740511
a1421.jpg,F0,0.91182333,0.023182059,0.021637274,0.021395352,0.021961952
a143.jpg,F0,0.9261545,0.018574528,0.018161662,0.019995505,0.01711376
a1468.jpg,F0,0.9202299,0.021079494,0.020011147,0.02079317,0.017886288
a149.jpg,F0,0.9116405,0.021530038,0.022360545,0.02195201,0.022516908
a1511.jpg,F0,0.917382,0.019517232,0.021530632,0.021177838,0.020392234
a1526.jpg,F0,0.92592907,0.017430456,0.019847907,0.018917298,0.01787528
a1541.jpg,F0,0.92090535,0.018883022,0.020413157,0.020772345,0.019026147
a1568.jpg,F0,0.91764534,0.022020133,0.020168541,0.020250002,0.019915983
a1578.jpg,F0,0.9152621,0.021479813,0.01930364,0.021541798,0.022412581
a1593.jpg,F0,0.9227963,0.01826512,0.019972863,0.020278309,0.018687395
a1596.jpg,F0,0.92320406,0.01891425,0.018930668,0.019892253,0.01905868
a1599.jpg,F0,0.9236764,0.018664924,0.017545125,0.019784456,0.02032907
a1604.jpg,F0,0.9196591,0.019668462,0.020422822,0.02078204,0.019467615
a1618.jpg,F0,0.91523165,0.020510646,0.021213798,0.02095022,0.022093693
a1625.jpg,F0,0.91663337,0.020860633,0.021727119,0.021643428,0.019135345
a163.jpg,F0,0.9217474,0.019056084,0.020520654,0.018757112,0.019918768
a171.jpg,F0,0.9208973,0.02008451,0.020446371,0.01935455,0.019217324
a173.jpg,F0,0.92008984,0.019400863,0.020925375,0.019443715,0.020140296
a175.jpg,F0,0.91733325,0.019061698,0.019969592,0.021941489,0.02169403
a1751.jpg,F0,0.919305,0.021054674,0.02054391,0.01999013,0.019106168
a178.jpg,F0,0.9198846,0.019407708,0.021478258,0.019345954,0.019883553
a1791.jpg,F0,0.9205174,0.018523116,0.020564059,0.019937148,0.020458175
a180.jpg,F0,0.9209527,0.019229984,0.020921193,0.01905335,0.019842831
a1805.jpg,F0,0.9252397,0.019494832,0.018337836,0.019522596,0.01740511
a1819.jpg,F0,0.91905403,0.020566367,0.020089267,0.020635875,0.01965441
a182.jpg,F0,0.91734296,0.018852862,0.023190612,0.021783808,0.01882961
a188.jpg,F0,0.92238414,0.019265039,0.020269047,0.020331789,0.017749831
a190.jpg,F0,0.9184146,0.020570697,0.021469435,0.020635888,0.018909471
a191.jpg,F0,0.9166007,0.0192767,0.023959242,0.020578664,0.019584587
a1910.jpg,F0,0.9072291,0.02373869,0.023068689,0.023545735,0.022417739
a194.jpg,F0,0.91881186,0.01995307,0.021583598,0.020708824,0.018942572
a1955.jpg,F0,0.9121916,0.020359764,0.022763256,0.022157717,0.022527717
a1958.jpg,F0,0.9168617,0.018852536,0.023499621,0.021687085,0.01909904
a1990.jpg,F0,0.9157591,0.022232942,0.020494169,0.021665156,0.019848602
a1993.jpg,F0,0.9112764,0.020434063,0.021709489,0.022278188,0.024301847
a2037.jpg,F0,0.91318005,0.021319242,0.01946328,0.022473425,0.023563905
a209.jpg,F0,0.921418,0.01963808,0.021393996,0.019082021,0.01846789
a211.jpg,F0,0.9171484,0.01656859,0.022494044,0.021637939,0.022151057
a2138.jpg,F0,0.9251362,0.019292593,0.018383063,0.019941635,0.017246407
a216.jpg,F0,0.9209266,0.019950876,0.020654904,0.019660987,0.018806592
a219.jpg,F0,0.9137507,0.018000133,0.02357355,0.02340151,0.021274079
a225.jpg,F0,0.9266285,0.017493442,0.020135915,0.019201303,0.016540935
a2285.jpg,F0,0.91775066,0.018300548,0.021721223,0.020267962,0.021959584
a2316.jpg,F0,0.92226774,0.02064956,0.019016113,0.020011628,0.01805498
a2335.jpg,F0,0.91448545,0.0206086,0.022327747,0.02227347,0.020304706
a247.jpg,F0,0.91668785,0.02010792,0.021231838,0.01933682,0.022635562
a2473.jpg,F0,0.9217286,0.01869364,0.01993915,0.020748302,0.018890379
a249.jpg,F0,0.91460043,0.021258961,0.019643838,0.021563778,0.022933064
a2528.jpg,F0,0.9227016,0.018827869,0.020047117,0.020173283,0.0182502
a253.jpg,F0,0.92321587,0.018757185,0.019294364,0.020235984,0.018496605
a2541.jpg,F0,0.9227963,0.01826512,0.019972863,0.020278309,0.018687395
a2551.jpg,F0,0.91914743,0.017965183,0.021468813,0.020836232,0.020582449
a2555.jpg,F0,0.91647846,0.02070992,0.022059238,0.021827921,0.018924383
a2556.jpg,F0,0.9239698,0.019517286,0.019045852,0.02027261,0.017194467
a2560.jpg,F0,0.91883075,0.018136354,0.021206198,0.019364314,0.022462448
a2616.jpg,F0,0.9169157,0.02114445,0.020895086,0.020334158,0.02071062
a2694.jpg,F0,0.9216246,0.019379172,0.020627698,0.020200334,0.018168116
a2708.jpg,F0,0.91668785,0.02010792,0.021231838,0.01933682,0.022635562
a2730.jpg,F0,0.92018104,0.020832632,0.020444496,0.019571874,0.01896995
a274.jpg,F0,0.92304456,0.019028923,0.019390635,0.02036156,0.018174196
a275.jpg,F0,0.91217434,0.023255192,0.020929331,0.022660473,0.02098066
a2771.jpg,F0,0.92146295,0.020786708,0.019856632,0.019014562,0.018879123
a2778.jpg,F0,0.9112764,0.020434063,0.021709489,0.022278188,0.024301847
a2783.jpg,F0,0.9217011,0.020659596,0.019632885,0.018916488,0.01908994
a2791.jpg,F0,0.91075367,0.021546999,0.02003795,0.022774912,0.02488648
a2809.jpg,F0,0.9091514,0.019589303,0.022632629,0.021376913,0.02724979
a2812.jpg,F0,0.9185861,0.020421285,0.020993251,0.021179873,0.018819606
a2846.jpg,F0,0.9165876,0.019928148,0.019283874,0.021303212,0.022897149
a2852.jpg,F0,0.9227352,0.01888602,0.020958668,0.019044131,0.018375905
a286.jpg,F0,0.91363317,0.021867868,0.020243898,0.02197372,0.022281272
a2878.jpg,F0,0.9196004,0.021103067,0.020236999,0.019545147,0.019514285
a2884.jpg,F0,0.92010003,0.019618448,0.019106723,0.021857543,0.019317325
a2903.jpg,F0,0.91881186,0.01995307,0.021583598,0.020708824,0.018942572
a2927.jpg,F0,0.92592907,0.017430456,0.019847907,0.018917298,0.01787528
a295.jpg,F0,0.91742176,0.020979118,0.021328213,0.02046766,0.019803312
a298.jpg,F0,0.91085416,0.023918184,0.02058132,0.020927988,0.023718318
a3033.jpg,F0,0.9235675,0.019759225,0.02065623,0.018281514,0.017735573
a3066.jpg,F0,0.9241314,0.019453943,0.020675853,0.018131128,0.017607566
a308.jpg,F0,0.9214172,0.019024761,0.020706132,0.018712921,0.02013901
a3118.jpg,F0,0.9231301,0.017486691,0.018872254,0.020295009,0.02021594
a3140.jpg,F0,0.92002475,0.020973865,0.021147527,0.018790176,0.01906369
a3141.jpg,F0,0.91905403,0.020566367,0.020089267,0.020635875,0.01965441
a315.jpg,F0,0.90827954,0.02637035,0.021040853,0.021055568,0.023253726
a3167.jpg,F0,0.9131281,0.021991055,0.020035252,0.021163173,0.023682412
a320.jpg,F0,0.92319065,0.018488068,0.021037687,0.018621292,0.01866224
a3254.jpg,F0,0.92157555,0.019246275,0.019719716,0.02052883,0.018929673
a3283.jpg,F0,0.9143209,0.019896645,0.02419709,0.020682022,0.020903256
a3302.jpg,F0,0.91331416,0.022377856,0.020478372,0.022236379,0.021593219
a3335.jpg,F0,0.9196004,0.021103067,0.020236999,0.019545147,0.019514285
a3373.jpg,F0,0.92122555,0.01871937,0.021105269,0.018945787,0.020004002
a3407.jpg,F0,0.92040956,0.020278098,0.019573946,0.02045352,0.019284867
a3457.jpg,F0,0.9236764,0.018664924,0.017545125,0.019784456,0.02032907
a347.jpg,F0,0.9217026,0.018715112,0.020782083,0.01964664,0.019153578
a3485.jpg,F0,0.9169157,0.02114445,0.020895086,0.020334158,0.02071062
a3499.jpg,F0,0.9112764,0.020434063,0.021709489,0.022278188,0.024301847
a354.jpg,F0,0.9205174,0.018523116,0.020564059,0.019937148,0.020458175
a3556.jpg,F0,0.91734296,0.018852862,0.023190612,0.021783808,0.01882961
a3562.jpg,F0,0.9190763,0.01997294,0.020588957,0.020862294,0.019499475
a3564.jpg,F0,0.9241314,0.019453943,0.020675853,0.018131128,0.017607566
a3588.jpg,F0,0.91357476,0.020605315,0.021627417,0.021486817,0.022705605
a3590.jpg,F0,0.9178848,0.020706894,0.020239525,0.021286711,0.019882083
a360.jpg,F0,0.92320406,0.01891425,0.018930668,0.019892253,0.01905868
a3617.jpg,F0,0.9169713,0.019346748,0.022675306,0.020504072,0.020502588
a3704.jpg,F0,0.9241314,0.019453943,0.020675853,0.018131128,0.017607566
a3716.jpg,F0,0.9207936,0.020801343,0.019582823,0.019672785,0.019149534
a3733.jpg,F0,0.9142989,0.02022218,0.02209412,0.021332629,0.022052081
a3849.jpg,F0,0.92109203,0.01938539,0.020447396,0.01997327,0.019101897
a3861.jpg,F0,0.9146575,0.020747982,0.018460965,0.021829456,0.024304185
a3866.jpg,F0,0.9080212,0.02289513,0.022803988,0.022875933,0.023403695
a3874.jpg,F0,0.9122844,0.021419942,0.022079602,0.021743106,0.022472836
a3941.jpg,F0,0.9204246,0.020423686,0.019360846,0.020221379,0.019569408
a3957.jpg,F0,0.91992205,0.01982693,0.020665597,0.020172253,0.0194131
a3976.jpg,F0,0.91991234,0.019257756,0.021515174,0.018988831,0.02032587
a4010.jpg,F0,0.91217434,0.023255192,0.020929331,0.022660473,0.02098066
a4114.jpg,F0,0.9254262,0.019355224,0.018073391,0.01966935,0.017475827
a4124.jpg,F0,0.919305,0.021054674,0.02054391,0.01999013,0.019106168
a4179.jpg,F0,0.92592907,0.017430456,0.019847907,0.018917298,0.01787528
a420.jpg,F0,0.92319065,0.018488068,0.021037687,0.018621292,0.01866224
a4209.jpg,F0,0.9168554,0.018558098,0.022366166,0.020595403,0.021624956
a4219.jpg,F0,0.9174722,0.021860247,0.019416621,0.020499075,0.020751797
a4258.jpg,F0,0.91417,0.020460362,0.022232084,0.021129541,0.022008065
a4327.jpg,F0,0.9166007,0.0192767,0.023959242,0.020578664,0.019584587
a4360.jpg,F0,0.9190763,0.01997294,0.020588957,0.020862294,0.019499475
a4371.jpg,F0,0.91606414,0.01873549,0.022088291,0.020980252,0.022131812
a440.jpg,F0,0.91560775,0.019394603,0.021494163,0.022386484,0.021116937
a4421.jpg,F0,0.92243344,0.020641644,0.01903544,0.019783624,0.018105853
a4441.jpg,F0,0.9206073,0.020746093,0.020367524,0.01971037,0.01856857
a4488.jpg,F0,0.9227963,0.01826512,0.019972863,0.020278309,0.018687395
a4513.jpg,F0,0.92470914,0.017382413,0.02212002,0.01986855,0.015919955
a4517.jpg,F0,0.91529846,0.021329764,0.021094711,0.022009082,0.020267898
a4520.jpg,F0,0.9166007,0.0192767,0.023959242,0.020578664,0.019584587
a4538.jpg,F0,0.92285746,0.020435829,0.020629609,0.0181128,0.017964346
a4571.jpg,F0,0.9152769,0.020643532,0.020719917,0.021311736,0.022048015
a4625.jpg,F0,0.9235044,0.017551368,0.018258717,0.020366887,0.020318579
a4652.jpg,F0,0.91464835,0.02113973,0.019046921,0.021063577,0.024101278
a4735.jpg,F0,0.9188162,0.01986796,0.021346787,0.019672453,0.020296657
a4826.jpg,F0,0.9238579,0.019581998,0.020703949,0.018232066,0.017624017
a4829.jpg,F0,0.920705,0.020948365,0.020144626,0.019602729,0.018599259
a4845.jpg,F0,0.9147545,0.02134328,0.019675832,0.020484146,0.023742171
a4856.jpg,F0,0.92074543,0.018263614,0.022158846,0.019399874,0.019432211
a4877.jpg,F0,0.9254512,0.01665836,0.019410364,0.01941826,0.019061796
a4886.jpg,F0,0.91914743,0.017965183,0.021468813,0.020836232,0.020582449
a4910.jpg,F0,0.9080212,0.02289513,0.022803988,0.022875933,0.023403695
a4914.jpg,F0,0.9227016,0.018827869,0.020047117,0.020173283,0.0182502
a4933.jpg,F0,0.92172205,0.016093984,0.017025482,0.02411159,0.02104689
a4964.jpg,F0,0.9157591,0.022232942,0.020494169,0.021665156,0.019848602
a4988.jpg,F0,0.9142911,0.02017444,0.022253662,0.021106096,0.022174705
a5011.jpg,F0,0.91448545,0.0206086,0.022327747,0.02227347,0.020304706
a5088.jpg,F0,0.92900145,0.01784036,0.015385715,0.016936753,0.020835819
a5166.jpg,F0,0.92010003,0.019618448,0.019106723,0.021857543,0.019317325
a5172.jpg,F0,0.9014301,0.025625091,0.023995211,0.026050964,0.022898575
a5176.jpg,F0,0.9188472,0.020446448,0.021542458,0.020374406,0.018789435
a5268.jpg,F0,0.9215728,0.021907942,0.01800752,0.019613788,0.018898016
a528.jpg,F0,0.9239698,0.019517286,0.019045852,0.02027261,0.017194467
a5284.jpg,F0,0.91476476,0.01913742,0.024340509,0.022492934,0.019264352
a5295.jpg,F0,0.9225604,0.017567301,0.020914193,0.018754374,0.020203775
a5300.jpg,F0,0.9173413,0.020979889,0.020708723,0.021177454,0.019792706
a5301.jpg,F0,0.91647214,0.020396277,0.022000572,0.020685025,0.020445937
a5310.jpg,F0,0.91460043,0.021258961,0.019643838,0.021563778,0.022933064
a5372.jpg,F0,0.919041,0.017580584,0.020796107,0.021876188,0.020706128
a5382.jpg,F0,0.92109203,0.01938539,0.020447396,0.01997327,0.019101897
a5395.jpg,F0,0.9227016,0.018827869,0.020047117,0.020173283,0.0182502
a5406.jpg,F0,0.92285055,0.018734364,0.019636903,0.020197038,0.018581234
a5489.jpg,F0,0.9214863,0.018118184,0.020049255,0.019137459,0.021208767
a5518.jpg,F0,0.92238414,0.019265039,0.020269047,0.020331789,0.017749831
a5649.jpg,F0,0.92304456,0.019028923,0.019390635,0.02036156,0.018174196
a5657.jpg,F0,0.91668785,0.02010792,0.021231838,0.01933682,0.022635562
a566.jpg,F0,0.92219406,0.019223453,0.019165574,0.019995559,0.019421408
a5676.jpg,F0,0.9203511,0.020738019,0.019436011,0.02039522,0.019079695
a5680.jpg,F0,0.9116405,0.021530038,0.022360545,0.02195201,0.022516908
a5693.jpg,F0,0.91934323,0.01899774,0.020525679,0.020195454,0.020937897
a5704.jpg,F0,0.9208471,0.019045921,0.020934176,0.019182019,0.019990738
a5774.jpg,F0,0.91881186,0.01995307,0.021583598,0.020708824,0.018942572
a5818.jpg,F0,0.92542344,0.018914102,0.018022753,0.02030218,0.017337563
a585.jpg,F0,0.91182333,0.023182059,0.021637274,0.021395352,0.021961952
a5897.jpg,F0,0.91182333,0.023182059,0.021637274,0.021395352,0.021961952
a5912.jpg,F0,0.9195624,0.020497385,0.0201268,0.020688469,0.019124938
a5957.jpg,F0,0.91627157,0.021445239,0.020811955,0.021359062,0.020112157
a5963.jpg,F0,0.9238579,0.019581998,0.020703949,0.018232066,0.017624017
a6002.jpg,F0,0.91647214,0.020396277,0.022000572,0.020685025,0.020445937
a6006.jpg,F0,0.9208076,0.019756058,0.019877393,0.020430982,0.019127952
a6008.jpg,F0,0.92030424,0.020195412,0.021534925,0.018846674,0.01911874
a6051.jpg,F0,0.91217434,0.023255192,0.020929331,0.022660473,0.02098066
a6080.jpg,F0,0.9155092,0.018923039,0.022242347,0.021030085,0.022295183
a6116.jpg,F0,0.9208076,0.019756058,0.019877393,0.020430982,0.019127952
a6163.jpg,F0,0.92010003,0.019618448,0.019106723,0.021857543,0.019317325
a6225.jpg,F0,0.9080212,0.02289513,0.022803988,0.022875933,0.023403695
a6248.jpg,F0,0.9188987,0.01894224,0.021407988,0.02098169,0.019769374
a6330.jpg,F0,0.9190763,0.01997294,0.020588957,0.020862294,0.019499475
a6351.jpg,F0,0.9261545,0.018574528,0.018161662,0.019995505,0.01711376
a6369.jpg,F0,0.9142911,0.02017444,0.022253662,0.021106096,0.022174705
a6378.jpg,F0,0.9116405,0.021530038,0.022360545,0.02195201,0.022516908
a6408.jpg,F0,0.9246829,0.017499672,0.01992976,0.01923613,0.018651446
a6421.jpg,F0,0.9210359,0.020023445,0.019745495,0.019375872,0.01981928
a6440.jpg,F0,0.9198846,0.019407708,0.021478258,0.019345954,0.019883553
a6455.jpg,F0,0.91740435,0.020265276,0.019413168,0.02023294,0.022684174
a6492.jpg,F0,0.9192078,0.017992834,0.020964254,0.019240357,0.022594731
a6524.jpg,F0,0.92479885,0.019905232,0.01804228,0.01994034,0.017313208
a6526.jpg,F0,0.92030424,0.020195412,0.021534925,0.018846674,0.01911874
a6530.jpg,F0,0.91997993,0.020048823,0.019508626,0.020794824,0.01966765
a6540.jpg,F0,0.92015207,0.01919228,0.021289937,0.019156475,0.020209221
a6562.jpg,F0,0.9231869,0.018602606,0.019013168,0.020573592,0.018623648
a6617.jpg,F0,0.9168554,0.018558098,0.022366166,0.020595403,0.021624956
a6668.jpg,F0,0.9155092,0.018923039,0.022242347,0.021030085,0.022295183
a6679.jpg,F0,0.91733325,0.019061698,0.019969592,0.021941489,0.02169403
a668.jpg,F0,0.92110276,0.02050128,0.020117557,0.019153602,0.019124854
a6684.jpg,F0,0.92243344,0.020641644,0.01903544,0.019783624,0.018105853
a6714.jpg,F0,0.9217286,0.01869364,0.01993915,0.020748302,0.018890379
a6717.jpg,F0,0.92321587,0.018757185,0.019294364,0.020235984,0.018496605
a6740.jpg,F0,0.9173413,0.020979889,0.020708723,0.021177454,0.019792706
a6779.jpg,F0,0.9106367,0.017335227,0.027040495,0.02219089,0.022796584
a6812.jpg,F0,0.92238414,0.019265039,0.020269047,0.020331789,0.017749831
a6827.jpg,F0,0.91740435,0.020265276,0.019413168,0.02023294,0.022684174
a6855.jpg,F0,0.92030424,0.020195412,0.021534925,0.018846674,0.01911874
a6929.jpg,F0,0.9146575,0.020747982,0.018460965,0.021829456,0.024304185
a6960.jpg,F0,0.917382,0.019517232,0.021530632,0.021177838,0.020392234
a6974.jpg,F0,0.92015207,0.01919228,0.021289937,0.019156475,0.020209221
a6988.jpg,F0,0.92238414,0.019265039,0.020269047,0.020331789,0.017749831
a6992.jpg,F0,0.91085416,0.023918184,0.02058132,0.020927988,0.023718318
a7003.jpg,F0,0.9114933,0.019822689,0.024311952,0.022518203,0.02185377
a7014.jpg,F0,0.92040956,0.020278098,0.019573946,0.02045352,0.019284867
a7017.jpg,F0,0.9072291,0.02373869,0.023068689,0.023545735,0.022417739
a7055.jpg,F0,0.9072291,0.02373869,0.023068689,0.023545735,0.022417739
a7063.jpg,F0,0.90946394,0.024614017,0.021095445,0.02087006,0.023956435
a7066.jpg,F0,0.91647214,0.020396277,0.022000572,0.020685025,0.020445937
a7117.jpg,F0,0.91286427,0.019800529,0.020006586,0.024026262,0.023302311
a7144.jpg,F0,0.9178848,0.020706894,0.020239525,0.021286711,0.019882083
a7156.jpg,F0,0.9186564,0.019608602,0.021259187,0.020785244,0.019690596
a7207.jpg,F0,0.9150716,0.019338647,0.02415087,0.022171048,0.019267786
a7235.jpg,F0,0.9217474,0.019056084,0.020520654,0.018757112,0.019918768
a724.jpg,F0,0.9214863,0.018118184,0.020049255,0.019137459,0.021208767
a7261.jpg,F0,0.9214863,0.018118184,0.020049255,0.019137459,0.021208767
a7306.jpg,F0,0.9236699,0.019944957,0.019280976,0.019448275,0.017656066
a7327.jpg,F0,0.92002475,0.020973865,0.021147527,0.018790176,0.01906369
a7364.jpg,F0,0.92320406,0.01891425,0.018930668,0.019892253,0.01905868
a741.jpg,F0,0.9195624,0.020497385,0.0201268,0.020688469,0.019124938
a7526.jpg,F0,0.9227963,0.01826512,0.019972863,0.020278309,0.018687395
a7551.jpg,F0,0.92304456,0.019028923,0.019390635,0.02036156,0.018174196
a7574.jpg,F0,0.91072404,0.02147748,0.021571035,0.021956444,0.024270969
a7634.jpg,F0,0.9192078,0.017992834,0.020964254,0.019240357,0.022594731
a7658.jpg,F0,0.91318005,0.021319242,0.01946328,0.022473425,0.023563905
a7673.jpg,F0,0.9235044,0.017551368,0.018258717,0.020366887,0.020318579
a7678.jpg,F0,0.91740435,0.020265276,0.019413168,0.02023294,0.022684174
a7687.jpg,F0,0.9231301,0.017486691,0.018872254,0.020295009,0.02021594
a7733.jpg,F0,0.92321587,0.018757185,0.019294364,0.020235984,0.018496605
a7759.jpg,F0,0.91934323,0.01899774,0.020525679,0.020195454,0.020937897
a7782.jpg,F0,0.9209952,0.019121276,0.02079389,0.01887611,0.020213595
a7821.jpg,F0,0.9231869,0.018602606,0.019013168,0.020573592,0.018623648
a7829.jpg,F0,0.9146575,0.020747982,0.018460965,0.021829456,0.024304185
a7847.jpg,F0,0.918535,0.022061154,0.01986053,0.020157859,0.0193855
a7855.jpg,F0,0.92304456,0.019028923,0.019390635,0.02036156,0.018174196
a7882.jpg,F0,0.9122035,0.016941808,0.026006527,0.02221837,0.022629758
a7891.jpg,F0,0.91979325,0.019521154,0.02114596,0.019636486,0.019903222
a7901.jpg,F0,0.9112764,0.020434063,0.021709489,0.022278188,0.024301847
a7922.jpg,F0,0.9186564,0.019608602,0.021259187,0.020785244,0.019690596
a7926.jpg,F0,0.92091525,0.018884972,0.020233123,0.021341491,0.01862526
a7990.jpg,F0,0.91612536,0.020956712,0.02164213,0.021641511,0.019634256
a8012.jpg,F0,0.9124992,0.020933798,0.02205222,0.022105563,0.02240918
a8057.jpg,F0,0.92601943,0.016614309,0.020346574,0.017870111,0.01914955
a8091.jpg,F0,0.92304456,0.019028923,0.019390635,0.02036156,0.018174196
a8095.jpg,F0,0.91476476,0.01913742,0.024340509,0.022492934,0.019264352
a8113.jpg,F0,0.9207936,0.020801343,0.019582823,0.019672785,0.019149534
a8132.jpg,F0,0.91625255,0.017442485,0.023959579,0.020379778,0.021965627
a8222.jpg,F0,0.91075367,0.021546999,0.02003795,0.022774912,0.02488648
a8333.jpg,F0,0.92043936,0.019139484,0.021109495,0.019284043,0.020027572
a8357.jpg,F0,0.9192501,0.020786468,0.020979095,0.01967851,0.019305838
a8364.jpg,F0,0.9251362,0.019292593,0.018383063,0.019941635,0.017246407
a8385.jpg,F0,0.9236699,0.019944957,0.019280976,0.019448275,0.017656066
a8386.jpg,F0,0.921703,0.018988257,0.020726945,0.018546216,0.02003559
a8458.jpg,F0,0.9235675,0.019759225,0.02065623,0.018281514,0.017735573
a8465.jpg,F0,0.92074543,0.018263614,0.022158846,0.019399874,0.019432211
a8485.jpg,F0,0.9140596,0.022649465,0.020912008,0.022105642,0.020273399
a8508.jpg,F0,0.9162588,0.01972745,0.02124456,0.02292491,0.019844303
a8525.jpg,F0,0.90946394,0.024614017,0.021095445,0.02087006,0.023956435
a8539.jpg,F0,0.9214172,0.019024761,0.020706132,0.018712921,0.02013901
a856.jpg,F0,0.91331416,0.022377856,0.020478372,0.022236379,0.021593219
a8575.jpg,F0,0.91072404,0.02147748,0.021571035,0.021956444,0.024270969
a8636.jpg,F0,0.91714,0.020013662,0.02039531,0.021437481,0.021013673
a8638.jpg,F0,0.92243344,0.020641644,0.01903544,0.019783624,0.018105853
a864.jpg,F0,0.9164349,0.018657284,0.023509568,0.021752534,0.019645803
a8672.jpg,F0,0.92335457,0.01765511,0.019969529,0.019505292,0.0195154
a8681.jpg,F0,0.91331416,0.022377856,0.020478372,0.022236379,0.021593219
a8684.jpg,F0,0.9184146,0.020570697,0.021469435,0.020635888,0.018909471
a870.jpg,F0,0.91406596,0.02022678,0.01989831,0.023109857,0.022699112
a8881.jpg,F0,0.91830885,0.0190395,0.02057936,0.021468718,0.020603662
a8922.jpg,F0,0.9208973,0.02008451,0.020446371,0.01935455,0.019217324
a8936.jpg,F0,0.917021,0.018733094,0.022975357,0.021927612,0.019342909
a8965.jpg,F0,0.92542344,0.018914102,0.018022753,0.02030218,0.017337563
a899.jpg,F0,0.9190892,0.019813713,0.021147601,0.019889526,0.020059973
a902.jpg,F0,0.9188472,0.020446448,0.021542458,0.020374406,0.018789435
a903.jpg,F0,0.9158014,0.01896178,0.023925062,0.022220626,0.01909108
a9035.jpg,F0,0.92091525,0.018884972,0.020233123,0.021341491,0.01862526
a9086.jpg,F0,0.9146575,0.020747982,0.018460965,0.021829456,0.024304185
a921.jpg,F0,0.92008984,0.019400863,0.020925375,0.019443715,0.020140296
a9210.jpg,F0,0.91905403,0.020566367,0.020089267,0.020635875,0.01965441
a9219.jpg,F0,0.9239698,0.019517286,0.019045852,0.02027261,0.017194467
a9221.jpg,F0,0.9223225,0.020517016,0.019722905,0.01962624,0.017811298
a9228.jpg,F0,0.91883075,0.018136354,0.021206198,0.019364314,0.022462448
a9231.jpg,F0,0.9163397,0.018792944,0.02208972,0.020783005,0.02199458
a9245.jpg,F0,0.9174722,0.021860247,0.019416621,0.020499075,0.020751797
a9258.jpg,F0,0.9238579,0.019581998,0.020703949,0.018232066,0.017624017
a933.jpg,F0,0.9121916,0.020359764,0.022763256,0.022157717,0.022527717
a9334.jpg,F0,0.9196408,0.019828042,0.020273667,0.020966096,0.019291447
a9340.jpg,F0,0.9173281,0.020289754,0.021025812,0.021052377,0.020303832
a9374.jpg,F0,0.9178848,0.020706894,0.020239525,0.021286711,0.019882083
a9383.jpg,F0,0.91560775,0.019394603,0.021494163,0.022386484,0.021116937
a9402.jpg,F0,0.92243344,0.020641644,0.01903544,0.019783624,0.018105853
a9421.jpg,F0,0.9192501,0.020786468,0.020979095,0.01967851,0.019305838
a9422.jpg,F0,0.9175529,0.018008575,0.022108648,0.020677703,0.02165226
a9453.jpg,F0,0.9236699,0.019944957,0.019280976,0.019448275,0.017656066
a9457.jpg,F0,0.92043936,0.019139484,0.021109495,0.019284043,0.020027572
a9468.jpg,F0,0.9217835,0.019035934,0.01931045,0.020536842,0.01933319
a948.jpg,F0,0.9232499,0.01832965,0.018559515,0.01914892,0.02071193
a9486.jpg,F0,0.92053825,0.020422239,0.019091465,0.020302488,0.01964563
a9499.jpg,F0,0.9225604,0.017567301,0.020914193,0.018754374,0.020203775
a9504.jpg,F0,0.9122035,0.016941808,0.026006527,0.02221837,0.022629758
a9511.jpg,F0,0.91783893,0.019537913,0.019738091,0.022818314,0.02006671
a9522.jpg,F0,0.9157591,0.022232942,0.020494169,0.021665156,0.019848602
a9525.jpg,F0,0.9192852,0.01981956,0.020924903,0.019128386,0.020841869
a9574.jpg,F0,0.89583814,0.01956071,0.022673521,0.022149425,0.039778173
a959.jpg,F0,0.9207999,0.018521624,0.022258472,0.019342143,0.01907772
a9634.jpg,F0,0.9146575,0.020747982,0.018460965,0.021829456,0.024304185
a9637.jpg,F0,0.914152,0.019470517,0.023387218,0.022123074,0.020867145
a9702.jpg,F0,0.9215319,0.018789489,0.020027226,0.020436255,0.019215085
a9761.jpg,F0,0.91075367,0.021546999,0.02003795,0.022774912,0.02488648
a9783.jpg,F0,0.9193301,0.017639134,0.020862153,0.020171275,0.02199727
a979.jpg,F0,0.91217434,0.023255192,0.020929331,0.022660473,0.02098066
a9803.jpg,F0,0.9143209,0.019896645,0.02419709,0.020682022,0.020903256
a9843.jpg,F0,0.9151565,0.02031662,0.021347074,0.021272933,0.021906901
a9898.jpg,F0,0.91312546,0.017994195,0.025847029,0.021375958,0.021657297
a9905.jpg,F0,0.91654104,0.019357476,0.021231642,0.021112328,0.021757515
a9964.jpg,F0,0.9151565,0.02031662,0.021347074,0.021272933,0.021906901
g38.jpg,F0,0.9165876,0.019928148,0.019283874,0.021303212,0.022897149
g39.jpg,F0,0.91406596,0.02022678,0.01989831,0.023109857,0.022699112
g40.jpg,F0,0.9173467,0.019786984,0.021669708,0.01852413,0.0226725
h1.jpg,F0,0.9193011,0.019697126,0.020086257,0.021778626,0.019136755
h15.jpg,F0,0.92103714,0.019473547,0.019488074,0.019701986,0.020299299
h19.jpg,F0,0.92219406,0.019223453,0.019165574,0.019995559,0.019421408
h24.jpg,F0,0.91552323,0.021567913,0.021456875,0.020713706,0.020738283
h26.jpg,F0,0.9195624,0.020497385,0.0201268,0.020688469,0.019124938
h30.jpg,F0,0.9184686,0.021805733,0.019617377,0.02046082,0.019647483
h31.jpg,F0,0.9188993,0.02148894,0.020739634,0.019904897,0.018967139
h32.jpg,F0,0.918282,0.021535091,0.020980094,0.01998843,0.019214466
h33.jpg,F0,0.9261545,0.018574528,0.018161662,0.019995505,0.01711376
h40.jpg,F0,0.9254262,0.019355224,0.018073391,0.01966935,0.017475827
h51.jpg,F0,0.9207936,0.020801343,0.019582823,0.019672785,0.019149534
h52.jpg,F0,0.92018795,0.020720031,0.020088768,0.019640194,0.019363014
h59.jpg,F0,0.9166007,0.0192767,0.023959242,0.020578664,0.019584587
h61.jpg,F0,0.91217434,0.023255192,0.020929331,0.022660473,0.02098066
h63.jpg,F0,0.9140596,0.022649465,0.020912008,0.022105642,0.020273399
h67.jpg,F0,0.9223225,0.020517016,0.019722905,0.01962624,0.017811298
h68.jpg,F0,0.92243344,0.020641644,0.01903544,0.019783624,0.018105853
h7.jpg,F0,0.9186564,0.019608602,0.021259187,0.020785244,0.019690596
h70.jpg,F0,0.92226774,0.02064956,0.019016113,0.020011628,0.01805498
h73.jpg,F0,0.92319065,0.018488068,0.021037687,0.018621292,0.01866224
h75.jpg,F0,0.91756994,0.019827407,0.020893019,0.021783719,0.019925963
h80.jpg,F0,0.91733325,0.019061698,0.019969592,0.021941489,0.02169403
h83.jpg,F0,0.91357476,0.020605315,0.021627417,0.021486817,0.022705605
h87.jpg,F0,0.9112764,0.020434063,0.021709489,0.022278188,0.024301847
i1.jpg,F0,0.91742176,0.020979118,0.021328213,0.02046766,0.019803312
i13.jpg,F0,0.92236876,0.016563298,0.020448184,0.021972854,0.018646955
i14.jpg,F0,0.91464835,0.02113973,0.019046921,0.021063577,0.024101278
i19.jpg,F0,0.9235044,0.017551368,0.018258717,0.020366887,0.020318579
i3.jpg,F0,0.9178848,0.020706894,0.020239525,0.021286711,0.019882083
j10.jpg,F0,0.9155452,0.017500335,0.023965567,0.020813676,0.02217517
j11.jpg,F0,0.9122035,0.016941808,0.026006527,0.02221837,0.022629758
j14.jpg,F0,0.9225604,0.017567301,0.020914193,0.018754374,0.020203775
j15.jpg,F0,0.92240685,0.017367402,0.021578323,0.018579897,0.020067517
j2.jpg,F0,0.92601943,0.016614309,0.020346574,0.017870111,0.01914955
j20.jpg,F0,0.9214863,0.018118184,0.020049255,0.019137459,0.021208767
j30.jpg,F0,0.9157052,0.018951852,0.022566864,0.020576486,0.022199547
j32.jpg,F0,0.9168554,0.018558098,0.022366166,0.020595403,0.021624956
j35.jpg,F0,0.9179725,0.018304205,0.02144526,0.01986264,0.022415377
j38.jpg,F0,0.90946394,0.024614017,0.021095445,0.02087006,0.023956435
j40.jpg,F0,0.9107242,0.02370374,0.020523291,0.02090142,0.024147311
j44.jpg,F0,0.9192852,0.01981956,0.020924903,0.019128386,0.020841869
j53.jpg,F0,0.92285055,0.018734364,0.019636903,0.020197038,0.018581234
j54.jpg,F0,0.9227963,0.01826512,0.019972863,0.020278309,0.018687395
j58.jpg,F0,0.9131022,0.022271043,0.02069856,0.022063877,0.021864362
j68.jpg,F0,0.9183403,0.018627737,0.022658976,0.020539545,0.019833464
j70.jpg,F0,0.92109174,0.019355854,0.019877639,0.019524945,0.020149762
j73.jpg,F0,0.92030424,0.020195412,0.021534925,0.018846674,0.01911874
j84.jpg,F0,0.90827954,0.02637035,0.021040853,0.021055568,0.023253726
j85.jpg,F0,0.9091447,0.020993385,0.027839212,0.019852156,0.022170529
j94.jpg,F0,0.92320406,0.01891425,0.018930668,0.019892253,0.01905868
j99.jpg,F0,0.91312546,0.017994195,0.025847029,0.021375958,0.021657297
k1.jpg,F0,0.9122844,0.021419942,0.022079602,0.021743106,0.022472836
k12.jpg,F0,0.9158014,0.01896178,0.023925062,0.022220626,0.01909108
k14.jpg,F0,0.9168617,0.018852536,0.023499621,0.021687085,0.01909904
k16.jpg,F0,0.916331,0.019014506,0.02382672,0.021696117,0.019131623
k2.jpg,F0,0.91663337,0.020860633,0.021727119,0.021643428,0.019135345
k21.jpg,F0,0.9162588,0.01972745,0.02124456,0.02292491,0.019844303
k24.jpg,F0,0.92304456,0.019028923,0.019390635,0.02036156,0.018174196
k32.jpg,F0,0.9238579,0.019581998,0.020703949,0.018232066,0.017624017
k35.jpg,F0,0.92002475,0.020973865,0.021147527,0.018790176,0.01906369
k38.jpg,F0,0.92109203,0.01938539,0.020447396,0.01997327,0.019101897
k43.jpg,F0,0.9216246,0.019379172,0.020627698,0.020200334,0.018168116
k45.jpg,F0,0.9225276,0.020221269,0.019924244,0.01905817,0.01826865
k46.jpg,F0,0.9158845,0.02092698,0.021379603,0.022001797,0.019807136
k47.jpg,F0,0.9107532,0.0216176,0.022361778,0.022330265,0.022937233
k48.jpg,F0,0.9124992,0.020933798,0.02205222,0.022105563,0.02240918
k50.jpg,F0,0.9116405,0.021530038,0.022360545,0.02195201,0.022516908
k55.jpg,F0,0.91403764,0.021289447,0.022736216,0.022966443,0.01897027
k57.jpg,F0,0.92040956,0.020278098,0.019573946,0.02045352,0.019284867
k65.jpg,F0,0.91295695,0.022631474,0.02052175,0.022150908,0.02173895
k68.jpg,F0,0.9173281,0.020289754,0.021025812,0.021052377,0.020303832
k75.jpg,F0,0.91930795,0.019617401,0.021267485,0.019852834,0.019954255
k76.jpg,F0,0.9190892,0.019813713,0.021147601,0.019889526,0.020059973
k83.jpg,F0,0.921703,0.018988257,0.020726945,0.018546216,0.02003559
k84.jpg,F0,0.9208471,0.019045921,0.020934176,0.019182019,0.019990738
k86.jpg,F0,0.91991234,0.019257756,0.021515174,0.018988831,0.02032587
A8911.jpg,F1,0.019398848,0.89652044,0.01370743,0.027533356,0.042839848
A9304.jpg,F1,0.026134845,0.9057037,0.01703361,0.028683584,0.022444222
B2927.jpg,F1,0.022807157,0.7307588,0.0164023,0.05090819,0.17912357
B3319.jpg,F1,0.029582962,0.88923734,0.022866042,0.035592668,0.022721015
B7430.jpg,F1,0.010302556,0.91564035,0.021278724,0.015748454,0.03702989
B8932.jpg,F1,0.019809993,0.9139965,0.022036854,0.020580608,0.023575943
C5666.jpg,F1,0.023786733,0.1631625,0.06329768,0.73880106,0.010952028
C7313.jpg,F1,0.024998585,0.8655407,0.008206028,0.089504465,0.011750266
C9467.jpg,F1,0.016204046,0.48075172,0.017565817,0.43442926,0.05104914
D2375.jpg,F1,0.021339545,0.9106466,0.025035111,0.021566175,0.021412557
D2533.jpg,F1,0.015484562,0.91967654,0.023129696,0.017511517,0.024197716
D2745.jpg,F1,0.017466068,0.85560244,0.03965351,0.004815321,0.08246261
D8332.jpg,F1,0.020219443,0.92085916,0.02026464,0.019977035,0.018679697
D9713.jpg,F1,0.023377286,0.9165365,0.01721017,0.02577523,0.017100718
E6701.jpg,F1,0.019006051,0.91439795,0.012285234,0.021117033,0.033193707
E6752.jpg,F1,0.016223472,0.38197914,0.21256173,0.37828156,0.01095411
E7648.jpg,F1,0.02194528,0.91260254,0.020143857,0.022358267,0.0229501
E7791.jpg,F1,0.019694366,0.06252677,0.057819538,0.8345946,0.025364742
F1385.jpg,F1,0.020432753,0.9158698,0.014722287,0.031925764,0.017049314
F5818.jpg,F1,0.010047079,0.9186915,0.021971539,0.03080859,0.018481323
G1237.jpg,F1,0.008930653,0.9598871,0.017845476,0.008983725,0.0043530585
G1823.jpg,F1,0.01099134,0.6653025,0.11307272,0.16915354,0.04147989
G4766.jpg,F1,0.009373918,0.94708216,0.011584461,0.019992253,0.011967114
G4841.jpg,F1,0.014095944,0.74011993,0.038079474,0.16495876,0.042745892
G7641.jpg,F1,0.014015978,0.9404832,0.0147508625,0.01762031,0.01312959
H1739.jpg,F1,0.016908512,0.37389925,0.0792329,0.50415474,0.025804581
H4121.jpg,F1,0.01672427,0.6605413,0.12794797,0.16868094,0.026105568
H5393.jpg,F1,0.02608039,0.8918874,0.033092372,0.02224018,0.02669964
H6205.jpg,F1,0.006538757,0.9264922,0.030958142,0.019149167,0.01686168
H7396.jpg,F1,0.016316755,0.9265033,0.023573898,0.015297293,0.01830883
I2648.jpg,F1,0.0322983,0.8877777,0.022261398,0.023950279,0.03371227
I2935.jpg,F1,0.014182183,0.9182061,0.02128768,0.017771928,0.028552039
I345.jpg,F1,0.012397405,0.9671513,0.005178911,0.006130395,0.009142026
I6773.jpg,F1,0.012541472,0.9658691,0.009431421,0.006905912,0.0052520577
I7660.jpg,F1,0.010302556,0.91564035,0.021278724,0.015748454,0.03702989
J2216.jpg,F1,0.013863446,0.8312236,0.018398475,0.026980063,0.109534375
J459.jpg,F1,0.015918206,0.8336238,0.09771243,0.034598056,0.018147463
L4306.jpg,F1,0.01929541,0.80812854,0.099931456,0.046865992,0.02577856
L9511.jpg,F1,0.015492602,0.57738775,0.11018482,0.27289376,0.024041034
L9560.jpg,F1,0.027982004,0.65727913,0.20560856,0.09079838,0.018331906
M5605.jpg,F1,0.019863138,0.9209532,0.022538396,0.017880255,0.018765086
N5313.jpg,F1,0.024062015,0.9140954,0.025501836,0.018356204,0.017984523
N5466.jpg,F1,0.01906063,0.9297972,0.019455979,0.01650705,0.015179224
O3301.jpg,F1,0.028386597,0.90010375,0.027481401,0.021778183,0.022250079
O8976.jpg,F1,0.020527909,0.9191744,0.020747064,0.020618672,0.018931933
O9820.jpg,F1,0.021006407,0.60309315,0.22864112,0.094963536,0.05229579
P4818.jpg,F1,0.010289265,0.94451225,0.014721189,0.013394378,0.017082985
P6873.jpg,F1,0.015305716,0.9203512,0.022512002,0.018550837,0.023280242
Q3833.jpg,F1,0.029538004,0.23882985,0.015306267,0.044181667,0.67214423
Q4600.jpg,F1,0.010302556,0.91564035,0.021278724,0.015748454,0.03702989
Q7247.jpg,F1,0.02111,0.91911596,0.015584001,0.023341903,0.020848181
Q8410.jpg,F1,0.021150112,0.90034145,0.018863471,0.027089207,0.032555822
Q98.jpg,F1,0.044254355,0.8027679,0.006170633,0.11655854,0.030248608
R1906.jpg,F1,0.008103613,0.955688,0.01135326,0.007085481,0.017769668
R2185.jpg,F1,0.024365218,0.90765417,0.02904122,0.019036004,0.019903418
a11.jpg,F1,0.013684315,0.9298113,0.015004668,0.024551595,0.016948035
a19.jpg,F1,0.021853535,0.920671,0.019067869,0.019973638,0.01843398
a22.jpg,F1,0.021631503,0.9289062,0.016660184,0.01984649,0.012955732
a24.jpg,F1,0.023765827,0.90491164,0.028774058,0.0222411,0.020307342
a26.jpg,F1,0.01998748,0.9182821,0.020684402,0.024250664,0.016795417
a29.jpg,F1,0.021363718,0.9122357,0.021430375,0.023594711,0.021375518
a31.jpg,F1,0.021629784,0.9175087,0.020124203,0.023962371,0.016774977
a33.jpg,F1,0.01906063,0.9297972,0.019455979,0.01650705,0.015179224
a4.jpg,F1,0.022284482,0.91414374,0.02405505,0.019369574,0.02014715
a40.jpg,F1,0.024062015,0.9140954,0.025501836,0.018356204,0.017984523
a41.jpg,F1,0.034246806,0.90774286,0.01953508,0.020530352,0.017944878
a6.jpg,F1,0.021816373,0.91724527,0.021127813,0.021055344,0.018755268
a7.jpg,F1,0.024365218,0.90765417,0.02904122,0.019036004,0.019903418
b11.jpg,F1,0.019223006,0.92635596,0.022114681,0.018101018,0.014205275
b13.jpg,F1,0.01435283,0.9224776,0.02323172,0.016001137,0.023936793
b20.jpg,F1,0.019006051,0.91439795,0.012285234,0.021117033,0.033193707
b21.jpg,F1,0.020216044,0.93560046,0.0091728205,0.01965242,0.015358244
b23.jpg,F1,0.023396371,0.925577,0.012116955,0.02709962,0.0118099945
b25.jpg,F1,0.016263206,0.9270473,0.013837433,0.019234803,0.023617242
b4.jpg,F1,0.020813989,0.9185163,0.018135853,0.023173893,0.019360028
b8509.jpg,F1,0.016263206,0.9270473,0.013837433,0.019234803,0.023617242
c11.jpg,F1,0.02194528,0.91260254,0.020143857,0.022358267,0.0229501
c2.jpg,F1,0.019912211,0.90702224,0.022349898,0.025704887,0.025010807
c21.jpg,F1,0.023540253,0.9221063,0.017205782,0.019257864,0.01788981
c22.jpg,F1,0.020879896,0.91510254,0.01996381,0.020012785,0.024040962
c29.jpg,F1,0.01927307,0.88355887,0.033508666,0.016840307,0.04681905
c33.jpg,F1,0.019775663,0.87529516,0.022675572,0.03719064,0.045062985
c39.jpg,F1,0.02353874,0.8941043,0.023501007,0.027577145,0.031278726
c40.jpg,F1,0.02520894,0.8967924,0.0117366705,0.04854233,0.017719563
c43.jpg,F1,0.023566782,0.91069883,0.0199013,0.022987159,0.02284588
c48.jpg,F1,0.015305716,0.9203512,0.022512002,0.018550837,0.023280242
c5019.jpg,F1,0.022357067,0.9069599,0.028716477,0.02178821,0.020178387
c6.jpg,F1,0.019398848,0.89652044,0.01370743,0.027533356,0.042839848
c6267.jpg,F1,0.025209337,0.6336432,0.032849934,0.2992436,0.009053938
c7164.jpg,F1,0.021224318,0.9230141,0.018696507,0.020033123,0.017031899
c9985.jpg,F1,0.021659365,0.49341217,0.2350994,0.22985803,0.019971052
ct1-11.png,F1,0.016783398,0.551613,0.011591573,0.053209234,0.36680278
ct1-20.png,F1,0.016908512,0.37389925,0.0792329,0.50415474,0.025804581
ct1-30.png,F1,0.022609483,0.61785537,0.05533291,0.29488334,0.00931892
ct1-33.png,F1,0.024422392,0.39992222,0.20919682,0.32562706,0.04083149
ct1-34.png,F1,0.02178012,0.21915844,0.22706112,0.10986145,0.42213884
ct1-44.png,F1,0.026025632,0.6279619,0.023216223,0.3052666,0.017529644
ct1-55.png,F1,0.014083792,0.9254858,0.0063794996,0.03952429,0.014526696
ct1-57.png,F1,0.00796705,0.910153,0.0063711237,0.05717938,0.018329436
ct1-64.png,F1,0.008690078,0.8888759,0.033444572,0.045161307,0.023828102
ct1-71.png,F1,0.010264667,0.95009327,0.016507562,0.012642287,0.010492169
ct2-18.png,F1,0.034488156,0.02294019,0.36405492,0.5330068,0.04550995
ct2-22.png,F1,0.008930653,0.9598871,0.017845476,0.008983725,0.0043530585
ct2-24.png,F1,0.017699838,0.9150233,0.048772775,0.011085951,0.00741817
ct2-27.png,F1,0.0138880275,0.920768,0.009788147,0.028855849,0.026699964
ct2-41.png,F1,0.027982004,0.65727913,0.20560856,0.09079838,0.018331906
ct2-42.png,F1,0.019838884,0.26895037,0.3510695,0.32934913,0.03079202
ct2-44.png,F1,0.030770583,0.14782244,0.018853627,0.06843999,0.7341134
ct2-45.png,F1,0.0220537,0.03369911,0.015734853,0.026966093,0.9015462
ct2-47.png,F1,0.022927102,0.85364735,0.034746606,0.067417435,0.021261439
ct2-5.png,F1,0.022402566,0.62427455,0.03374256,0.21976413,0.09981617
ct2-50.png,F1,0.025144685,0.73341316,0.14210191,0.07679983,0.022540411
ct2-57.png,F1,0.015639257,0.49522328,0.38544077,0.04144113,0.062255528
ct2-60.png,F1,0.013292157,0.93185747,0.0059691817,0.0335879,0.015293358
ct2-64.png,F1,0.023488592,0.6289599,0.019449381,0.31150565,0.016596498
ct2-70.png,F1,0.009705407,0.9245653,0.018006004,0.013486527,0.034236692
ct3-1.png,F1,0.014590697,0.91243935,0.04913912,0.012883519,0.010947246
ct3-12.png,F1,0.013498606,0.9326629,0.023532351,0.024720225,0.005585934
ct3-19.png,F1,0.01783325,0.8440761,0.09339517,0.005652838,0.039042618
ct3-20.png,F1,0.012868552,0.7638513,0.024077121,0.18005128,0.019151736
ct3-22.png,F1,0.013498794,0.8877607,0.047894064,0.028937235,0.021909226
ct3-26.png,F1,0.020382723,0.09959863,0.066086516,0.018229498,0.79570264
ct3-4.png,F1,0.01625996,0.8532347,0.03516117,0.008103054,0.087241165
ct3-7.png,F1,0.010587594,0.9523184,0.0068720165,0.013284751,0.016937306
d1204.jpg,F1,0.02657468,0.21468474,0.5506134,0.19645411,0.011673057
d246.jpg,F1,0.014015978,0.9404832,0.0147508625,0.01762031,0.01312959
d482.jpg,F1,0.019912211,0.90702224,0.022349898,0.025704887,0.025010807
d8244.jpg,F1,0.022927102,0.85364735,0.034746606,0.067417435,0.021261439
d9248.jpg,F1,0.021141654,0.7517068,0.018226521,0.005585832,0.20333916
e1216.jpg,F1,0.027795078,0.90461785,0.025945371,0.022570726,0.01907105
e1871.jpg,F1,0.013863446,0.8312236,0.018398475,0.026980063,0.109534375
e1895.jpg,F1,0.01631066,0.8938579,0.025953012,0.05707092,0.0068074637
e492.jpg,F1,0.01435283,0.9224776,0.02323172,0.016001137,0.023936793
e498.jpg,F1,0.016025662,0.07157396,0.8179567,0.08039029,0.014053423
e5916.jpg,F1,0.009373918,0.94708216,0.011584461,0.019992253,0.011967114
e7501.jpg,F1,0.02217061,0.046369966,0.013682051,0.88277197,0.035005394
f3033.jpg,F1,0.021224318,0.9230141,0.018696507,0.020033123,0.017031899
f4207.jpg,F1,0.02166147,0.9086747,0.04348712,0.0114014335,0.014775171
f6167.jpg,F1,0.023914905,0.5319375,0.36221483,0.046967294,0.03496553
h4461.jpg,F1,0.013971494,0.9141512,0.03841639,0.019622052,0.013838871
h653.jpg,F1,0.0056728707,0.9671737,0.008829501,0.007312365,0.011011588
i2203.jpg,F1,0.025024839,0.90509474,0.026902571,0.021379475,0.02159846
i5982.jpg,F1,0.032672606,0.89211196,0.029582405,0.02474158,0.020891467
i6058.jpg,F1,0.023692582,0.34331542,0.015906291,0.58817583,0.028909877
i7405.jpg,F1,0.024286488,0.9194678,0.02040786,0.019137481,0.016700312
i9378.jpg,F1,0.019863138,0.9209532,0.022538396,0.017880255,0.018765086
j3036.jpg,F1,0.01999139,0.9239867,0.01919489,0.019879999,0.01694703
j4810.jpg,F1,0.02520894,0.8967924,0.0117366705,0.04854233,0.017719563
j9172.jpg,F1,0.008402594,0.96500486,0.0034166253,0.019100837,0.004075112
k6775.jpg,F1,0.041502856,0.17142308,0.75454825,0.009022427,0.023503412
l6856.jpg,F1,0.012544778,0.46950305,0.03402371,0.20734699,0.27658144
l7495.jpg,F1,0.016988365,0.81241465,0.06544033,0.08416437,0.020992313
l8097.jpg,F1,0.015639257,0.49522328,0.38544077,0.04144113,0.062255528
l8625.jpg,F1,0.013359553,0.88399166,0.03565581,0.05526867,0.011724346
l9451.jpg,F1,0.0166348,0.92808187,0.02366085,0.016366713,0.015255752
l9971.jpg,F1,0.01233384,0.81536794,0.070803024,0.024351904,0.077143334
m4032.jpg,F1,0.016316755,0.9265033,0.023573898,0.015297293,0.01830883
m5277.jpg,F1,0.01361966,0.9501606,0.018930081,0.005367678,0.011922032
m9238.jpg,F1,0.023719167,0.8003069,0.14295846,0.004498471,0.028516958
m9804.jpg,F1,0.016223472,0.38197914,0.21256173,0.37828156,0.01095411
n4202.jpg,F1,0.023488592,0.6289599,0.019449381,0.31150565,0.016596498
n6921.jpg,F1,0.015508238,0.9284738,0.0051121577,0.03837733,0.012528498
o5718.jpg,F1,0.021816373,0.91724527,0.021127813,0.021055344,0.018755268
o7099.jpg,F1,0.020531353,0.9054213,0.019848248,0.023913475,0.03028563
p1666.jpg,F1,0.015305716,0.9203512,0.022512002,0.018550837,0.023280242
p2095.jpg,F1,0.010809176,0.9312588,0.019687364,0.029781705,0.008463002
p3400.jpg,F1,0.02013951,0.7473974,0.038445223,0.17975251,0.014265288
p7901.jpg,F1,0.025304116,0.5269716,0.28075865,0.14596428,0.021001382
q3644.jpg,F1,0.023110753,0.9100194,0.022379905,0.025697213,0.018792793
q6801.jpg,F1,0.022927102,0.85364735,0.034746606,0.067417435,0.021261439
q877.jpg,F1,0.012805309,0.9179671,0.006073082,0.033991974,0.029162547
r2643.jpg,F1,0.020224072,0.9241965,0.017956331,0.022289582,0.015333562
I2079.jpg,F2,0.020202653,0.025772694,0.8706838,0.027184805,0.05615613
I9104.jpg,F2,0.025929356,0.03853923,0.9089728,0.008187393,0.018371318
J6388.jpg,F2,0.026235903,0.14509273,0.782202,0.011350995,0.035118375
K9048.jpg,F2,0.03344325,0.062468097,0.49287048,0.3824768,0.02874134
L1158.jpg,F2,0.012900093,0.029215816,0.869952,0.072216876,0.015715178
L5410.jpg,F2,0.024298426,0.06722213,0.8841316,0.008240415,0.016107375
M8180.jpg,F2,0.024602003,0.052925713,0.65784055,0.25055227,0.014079489
N204.jpg,F2,0.027394809,0.015445185,0.77185565,0.14919016,0.0361142
N2646.jpg,F2,0.026332153,0.00520737,0.90226156,0.04863895,0.017560022
O8817.jpg,F2,0.017138498,0.03388775,0.89826137,0.02531616,0.025396196
P1627.jpg,F2,0.017743938,0.019554025,0.9212052,0.025069688,0.016427169
P5298.jpg,F2,0.025459701,0.017255064,0.93569297,0.007890804,0.013701461
P6599.jpg,F2,0.022760749,0.07421532,0.75926054,0.12687245,0.016890958
P9676.jpg,F2,0.018279837,0.11561117,0.5651201,0.25024775,0.050741106
Q1471.jpg,F2,0.023903865,0.02852616,0.739231,0.15981206,0.048526924
Q1928.jpg,F2,0.02898725,0.004187996,0.9085982,0.035668682,0.022557832
Q992.jpg,F2,0.02104271,0.008745457,0.9351009,0.022851057,0.012259826
R1970.jpg,F2,0.015548543,0.019505516,0.92847025,0.013060443,0.023415279
S2079.jpg,F2,0.019768186,0.04353875,0.9065148,0.013312584,0.016865663
S7698.jpg,F2,0.020405017,0.011483493,0.8945461,0.045157015,0.028408302
S9211.jpg,F2,0.03344325,0.062468097,0.49287048,0.3824768,0.02874134
T7229.jpg,F2,0.018843388,0.30231237,0.60476536,0.054611187,0.0194677
T9465.jpg,F2,0.015823932,0.04351134,0.8998377,0.028837845,0.011989215
U7380.jpg,F2,0.025628852,0.4011787,0.17126319,0.3551378,0.046791494
U8543.jpg,F2,0.018814025,0.031414624,0.92179465,0.011323734,0.016652955
V1784.jpg,F2,0.012857479,0.5454349,0.3868807,0.03355488,0.021272065
V584.jpg,F2,0.03299543,0.023051191,0.89020014,0.041501828,0.012251428
V9304.jpg,F2,0.027044829,0.048001796,0.87698627,0.017203918,0.030763183
V9875.jpg,F2,0.020130543,0.017734315,0.8410358,0.08741611,0.033683255
W1609.jpg,F2,0.017640652,0.004559958,0.9405434,0.018727077,0.01852885
W6275.jpg,F2,0.022206508,0.008496054,0.8859431,0.06499178,0.018362585
W6929.jpg,F2,0.022174034,0.014159902,0.9171129,0.019202696,0.027350409
W7514.jpg,F2,0.022867428,0.03908175,0.62484455,0.2616486,0.051557764
X2328.jpg,F2,0.016630052,0.37064284,0.53296906,0.035824113,0.043933984
X4442.jpg,F2,0.016779318,0.0050921123,0.9367374,0.017402373,0.023988783
Y1383.jpg,F2,0.020202653,0.025772694,0.8706838,0.027184805,0.05615613
ct3-34.png,F2,0.022760749,0.07421532,0.75926054,0.12687245,0.016890958
ct3-35.png,F2,0.013997849,0.011560611,0.94799817,0.010526067,0.015917346
ct3-38.png,F2,0.016630052,0.37064284,0.53296906,0.035824113,0.043933984
ct3-46.png,F2,0.018695045,0.06773814,0.8785728,0.022310516,0.012683444
ct3-47.png,F2,0.013852178,0.09608291,0.025482574,0.025296917,0.8392854
ct3-52.png,F2,0.029827064,0.028371977,0.9041162,0.017606143,0.020078612
ct3-55.png,F2,0.02002212,0.038818114,0.90388465,0.0062774494,0.030997666
ct3-56.png,F2,0.016586447,0.19838665,0.72711426,0.049901474,0.008011158
ct3-59.png,F2,0.018637827,0.0103592025,0.9107244,0.038699217,0.0215793
ct3-60.png,F2,0.017132197,0.0076210652,0.9462787,0.01683899,0.012129178
ct3-64.png,F2,0.019322198,0.006391032,0.89653766,0.02398719,0.053761885
ct3-66.png,F2,0.018246768,0.0213151,0.89799166,0.043066513,0.019379932
ct4-10.png,F2,0.019973854,0.00919173,0.93059444,0.019645875,0.020594193
ct4-12.png,F2,0.022204496,0.009586683,0.9231177,0.024715062,0.020376042
ct4-18.png,F2,0.017995354,0.009917373,0.9315196,0.013678017,0.026889717
ct4-25.png,F2,0.020409951,0.023126537,0.7410877,0.06267765,0.15269817
ct4-3.png,F2,0.016053153,0.009436213,0.9377216,0.009444162,0.027344828
ct4-34.png,F2,0.02505907,0.039723285,0.8582845,0.065927684,0.011005508
ct4-4.png,F2,0.015096511,0.082344994,0.85063046,0.029612813,0.022315266
ct4-40.png,F2,0.026336577,0.17621633,0.6452813,0.01154356,0.14062215
ct4-62.png,F2,0.022206508,0.008496054,0.8859431,0.06499178,0.018362585
ct4-76.png,F2,0.03344325,0.062468097,0.49287048,0.3824768,0.02874134
ct4-77.png,F2,0.019575147,0.07259419,0.8289525,0.06483104,0.014047188
ct4-86.png,F2,0.01747102,0.021895267,0.9045095,0.034133058,0.021991216
ct4-88.png,F2,0.025097083,0.026337089,0.8329292,0.08258074,0.033055916
ct5-11.png,F2,0.024298426,0.06722213,0.8841316,0.008240415,0.016107375
ct5-16.png,F2,0.025510216,0.009972496,0.9255336,0.021701464,0.017282246
ct5-18.png,F2,0.024815613,0.0357709,0.8935355,0.029715084,0.01616289
ct5-20.png,F2,0.033818237,0.014321759,0.8991316,0.0340543,0.018674187
ct5-24.png,F2,0.0125593655,0.032323133,0.91232455,0.01795987,0.024833111
ct5-25.png,F2,0.009456782,0.04713258,0.8901108,0.023891121,0.029408729
ct5-30.png,F2,0.025459701,0.017255064,0.93569297,0.007890804,0.013701461
ct5-32.png,F2,0.014828568,0.03324502,0.8792681,0.056109253,0.016549109
ct5-38.png,F2,0.022583963,0.017536318,0.9382097,0.0072187,0.014451218
ct5-43.png,F2,0.02586332,0.027934818,0.9214025,0.010447611,0.014351744
ct5-52.png,F2,0.036886185,0.69802827,0.15883628,0.08846806,0.017781211
ct5-59.png,F2,0.012900093,0.029215816,0.869952,0.072216876,0.015715178
ct5-61.png,F2,0.023278335,0.014753971,0.93920994,0.010662245,0.0120955035
ct5-68.png,F2,0.022982566,0.14396538,0.7382551,0.07374592,0.021051066
ct5-7.png,F2,0.021589633,0.021553295,0.9041747,0.037530895,0.0151515445
ct5-75.png,F2,0.020044312,0.011846043,0.9331449,0.015462232,0.019502494
ct5-76.png,F2,0.022474673,0.009257143,0.9277592,0.01772997,0.022779068
ct5-9.png,F2,0.023401951,0.0887248,0.13283971,0.020768235,0.7342654
ct7-12.png,F2,0.02078799,0.021646893,0.9254693,0.010831962,0.02126389
ct7-15.png,F2,0.017815769,0.4289228,0.444762,0.038842525,0.06965699
ct7-18.png,F2,0.020532241,0.02370491,0.8665638,0.066199385,0.022999568
ct7-25.png,F2,0.021494403,0.017100543,0.87768584,0.06451574,0.019203518
ct7-32.png,F2,0.017806454,0.014078672,0.92041427,0.031368896,0.01633164
ct7-33.png,F2,0.016631683,0.060185753,0.8451935,0.058901872,0.019087106
ct7-39.png,F2,0.026332153,0.00520737,0.90226156,0.04863895,0.017560022
ct7-40.png,F2,0.02928314,0.005003309,0.8997732,0.044544443,0.021395877
ct7-41.png,F2,0.02574649,0.007043089,0.9144089,0.018626723,0.03417481
ct7-55.png,F2,0.016485507,0.09826819,0.79540324,0.074724816,0.015118295
ct7-58.png,F2,0.020116147,0.026449805,0.8787072,0.05305245,0.021674454
ct7-6.png,F2,0.021467047,0.023045963,0.9219684,0.020968214,0.012550379
ct7-60.png,F2,0.03153168,0.03237305,0.5919362,0.30383012,0.040329
ct7-61.png,F2,0.014715207,0.03958388,0.25014287,0.6695272,0.026030863
ct8-12.png,F2,0.03024609,0.007948322,0.91010636,0.026926504,0.024772739
ct8-16.png,F2,0.018743109,0.005792635,0.9422653,0.009019555,0.0241794
ct8-2.png,F2,0.018674487,0.008482626,0.9072574,0.025893304,0.039692167
ct8-28.png,F2,0.016315918,0.01581111,0.93770105,0.018782025,0.011389912
ct8-31.png,F2,0.019168396,0.019706776,0.34990615,0.567189,0.044029754
ct8-36.png,F2,0.014670648,0.0063800327,0.9301862,0.02970512,0.019058065
ct8-4.png,F2,0.021346556,0.010662577,0.93182826,0.012315574,0.023847045
ct8-6.png,F2,0.022174034,0.014159902,0.9171129,0.019202696,0.027350409
ct8-7.png,F2,0.015821982,0.007867686,0.88548046,0.050709806,0.040120084
i2264.jpg,F2,0.016053153,0.009436213,0.9377216,0.009444162,0.027344828
i2887.jpg,F2,0.020044312,0.011846043,0.9331449,0.015462232,0.019502494
i5303.jpg,F2,0.020306438,0.010578566,0.9388801,0.009832887,0.020402009
i6934.jpg,F2,0.026336577,0.17621633,0.6452813,0.01154356,0.14062215
i7619.jpg,F2,0.02436997,0.025165236,0.7892897,0.14195679,0.019218262
j4408.jpg,F2,0.037514687,0.040888693,0.63246447,0.26107648,0.028055644
j9269.jpg,F2,0.02383698,0.119410045,0.6337601,0.10572336,0.117269576
j9451.jpg,F2,0.019280476,0.009067304,0.9273881,0.024888797,0.019375399
k2385.jpg,F2,0.022170244,0.03378971,0.81092983,0.12110472,0.0120054195
k7081.jpg,F2,0.015867058,0.009363301,0.63589954,0.3133829,0.025487227
k8966.jpg,F2,0.019639034,0.04456436,0.88524795,0.024489453,0.026059112
k9416.jpg,F2,0.020306438,0.010578566,0.9388801,0.009832887,0.020402009
l4977.jpg,F2,0.019723333,0.025070928,0.8021622,0.13439961,0.018644001
l5370.jpg,F2,0.02505907,0.039723285,0.8582845,0.065927684,0.011005508
l8412.jpg,F2,0.026074657,0.019245883,0.9268162,0.011206842,0.016656453
l8933.jpg,F2,0.025459701,0.017255064,0.93569297,0.007890804,0.013701461
m390.jpg,F2,0.011806934,0.010219468,0.94842076,0.01112133,0.01843162
m4367.jpg,F2,0.021801775,0.019556759,0.86559755,0.07487237,0.018171573
n1129.jpg,F2,0.017236087,0.0070427456,0.9312841,0.025302429,0.019134663
n1561.jpg,F2,0.033818237,0.014321759,0.8991316,0.0340543,0.018674187
n4973.jpg,F2,0.027505703,0.019913657,0.6225541,0.23723248,0.092794016
n6688.jpg,F2,0.016585663,0.036414873,0.88333344,0.05080427,0.012861689
o3246.jpg,F2,0.025321288,0.048965372,0.79663926,0.094975375,0.034098767
o819.jpg,F2,0.018313235,0.80132484,0.072882816,0.08279166,0.024687495
o8317.jpg,F2,0.01911713,0.0067647067,0.91373944,0.039233405,0.021145256
o8777.jpg,F2,0.024815613,0.0357709,0.8935355,0.029715084,0.01616289
o9645.jpg,F2,0.026957298,0.009804368,0.90765053,0.035689358,0.019898478
o994.jpg,F2,0.019322198,0.006391032,0.89653766,0.02398719,0.053761885
p2887.jpg,F2,0.018964894,0.005903273,0.9356289,0.018226424,0.021276448
p5978.jpg,F2,0.018814025,0.031414624,0.92179465,0.011323734,0.016652955
p7842.jpg,F2,0.018773094,0.0077134892,0.93399644,0.013729761,0.025787108
q1855.jpg,F2,0.01747102,0.021895267,0.9045095,0.034133058,0.021991216
q201.jpg,F2,0.02574649,0.007043089,0.9144089,0.018626723,0.03417481
q3493.jpg,F2,0.0243079,0.49042523,0.38778713,0.09002953,0.0074501163
q7227.jpg,F2,0.012273909,0.007533947,0.81053936,0.1254974,0.04415533
r2915.jpg,F2,0.016034316,0.06610306,0.8823216,0.012133409,0.02340756
r4605.jpg,F2,0.019646876,0.1370842,0.24383245,0.04690997,0.55252653
s1727.jpg,F2,0.021268778,0.01897466,0.92288995,0.021703701,0.01516298
s1788.jpg,F2,0.021638716,0.02779717,0.8939439,0.03824739,0.01837279
s8050.jpg,F2,0.024050342,0.055779412,0.89957416,0.005187146,0.0154089965
t3569.jpg,F2,0.025216691,0.02556482,0.91958266,0.01345623,0.016179655
t593.jpg,F2,0.01876064,0.012785995,0.9127388,0.043936286,0.011778354
t8800.jpg,F2,0.015058817,0.0062779523,0.9483797,0.011970865,0.01831276
u1792.jpg,F2,0.016102236,0.011140606,0.9438423,0.016609548,0.012305217
u2174.jpg,F2,0.020532241,0.02370491,0.8665638,0.066199385,0.022999568
u6709.jpg,F2,0.0147845065,0.037328336,0.88045436,0.053183127,0.014249647
v2313.jpg,F2,0.020044312,0.011846043,0.9331449,0.015462232,0.019502494
v6560.jpg,F2,0.01871735,0.03270012,0.8846115,0.025813814,0.03815717
v6722.jpg,F2,0.019578861,0.029461363,0.86905164,0.058238365,0.023669774
v81.jpg,F2,0.01871735,0.03270012,0.8846115,0.025813814,0.03815717
w4327.jpg,F2,0.021346556,0.010662577,0.93182826,0.012315574,0.023847045
w5487.jpg,F2,0.013536233,0.02012362,0.9277606,0.021018786,0.017560681
w9969.jpg,F2,0.022170244,0.03378971,0.81092983,0.12110472,0.0120054195
x1250.jpg,F2,0.015058817,0.0062779523,0.9483797,0.011970865,0.01831276
x2620.jpg,F2,0.020855127,0.029306596,0.6756543,0.24799907,0.026184874
x3524.jpg,F2,0.02928314,0.005003309,0.8997732,0.044544443,0.021395877
x8935.jpg,F2,0.022091234,0.35413483,0.5284181,0.065285645,0.030070128
J3166.jpg,F3,0.029863607,0.035191167,0.16733201,0.7421097,0.025503524
J9924.jpg,F3,0.026607363,0.44771546,0.12614402,0.35368392,0.04584927
K2100.jpg,F3,0.031887565,0.039225638,0.013411095,0.85257256,0.062903166
K4064.jpg,F3,0.020028315,0.023315186,0.008714659,0.9245094,0.023432441
L3844.jpg,F3,0.018152015,0.011415388,0.012262023,0.9436716,0.0144990515
L437.jpg,F3,0.023402229,0.009864768,0.01492316,0.91314495,0.038664907
L9570.jpg,F3,0.01695574,0.016693663,0.021319132,0.9192682,0.025763262
M8130.jpg,F3,0.024464888,0.058942992,0.02662305,0.6369452,0.2530238
M9367.jpg,F3,0.018835988,0.014280893,0.0135736605,0.9336473,0.019662118
N1119.jpg,F3,0.029931204,0.01565356,0.012789137,0.90797526,0.03365089
N2808.jpg,F3,0.024602508,0.02214925,0.03025855,0.8365379,0.08645174
N4168.jpg,F3,0.01850162,0.0133093735,0.00986386,0.9350785,0.023246627
N4682.jpg,F3,0.023899786,0.020378405,0.029785344,0.89335674,0.032579776
N7338.jpg,F3,0.017970484,0.021871502,0.055613004,0.8911114,0.013433545
O1821.jpg,F3,0.017854143,0.008721972,0.07037879,0.8874249,0.0156201655
O4420.jpg,F3,0.017621454,0.016481582,0.005350697,0.9395953,0.020950971
O8354.jpg,F3,0.018016107,0.009279696,0.012219512,0.92884403,0.031640586
P3218.jpg,F3,0.02143598,0.011799339,0.01812759,0.92654186,0.022095244
P9355.jpg,F3,0.017854143,0.008721972,0.07037879,0.8874249,0.0156201655
P9858.jpg,F3,0.025510611,0.023207203,0.046951186,0.87767017,0.026660858
Q3363.jpg,F3,0.015560315,0.010465608,0.017782327,0.9458686,0.010323177
Q7637.jpg,F3,0.020028315,0.023315186,0.008714659,0.9245094,0.023432441
Q7727.jpg,F3,0.017589396,0.045069348,0.03523637,0.8844781,0.01762675
Q9025.jpg,F3,0.02883198,0.012536967,0.018119523,0.8921854,0.04832614
Q9856.jpg,F3,0.023961596,0.017059686,0.013419636,0.9231163,0.022442821
R6737.jpg,F3,0.016190346,0.07374759,0.12101406,0.76802593,0.021022096
R8024.jpg,F3,0.022707354,0.014744214,0.013498456,0.92307687,0.025973083
S1123.jpg,F3,0.019078586,0.030449776,0.04050978,0.848834,0.061127853
S8884.jpg,F3,0.020790637,0.021538192,0.008153902,0.9305462,0.01897106
S9308.jpg,F3,0.013461758,0.017248584,0.0102090975,0.9337493,0.025331227
T1503.jpg,F3,0.016007954,0.02129487,0.013544101,0.92103964,0.028113335
T1610.jpg,F3,0.017727746,0.019377952,0.014114486,0.9160259,0.032753896
T636.jpg,F3,0.02356974,0.048128784,0.043390967,0.8715791,0.013331376
T828.jpg,F3,0.018572167,0.10819145,0.2074657,0.63222873,0.033541985
U2517.jpg,F3,0.014429965,0.021209637,0.13179776,0.817679,0.014883678
U5433.jpg,F3,0.025923025,0.071933486,0.17577317,0.70373785,0.022632394
U9104.jpg,F3,0.021825671,0.009848465,0.013891449,0.93051296,0.02392147
V2371.jpg,F3,0.016972851,0.027796945,0.018090982,0.90274715,0.0343921
V8785.jpg,F3,0.017231656,0.2562824,0.2451586,0.26046377,0.22086357
W3254.jpg,F3,0.029945867,0.27450377,0.24158226,0.43534034,0.018627688
W4270.jpg,F3,0.014179631,0.013663859,0.01984542,0.92506474,0.027246302
W521.jpg,F3,0.015835376,0.015280013,0.030909643,0.90972996,0.028244974
W628.jpg,F3,0.015625663,0.022801248,0.008927611,0.9185548,0.034090742
X1959.jpg,F3,0.034728467,0.014546723,0.22263661,0.703489,0.024599278
X2653.jpg,F3,0.048533157,0.05960451,0.014976927,0.6220526,0.25483274
X3232.jpg,F3,0.022014271,0.016498521,0.015085443,0.9016869,0.044714835
X3250.jpg,F3,0.021293072,0.09747855,0.08697898,0.6349392,0.15931016
X3712.jpg,F3,0.021517001,0.012133174,0.067759395,0.8576981,0.04089239
X5741.jpg,F3,0.018190948,0.008479586,0.015550073,0.93828285,0.01949647
X7248.jpg,F3,0.028554913,0.21996465,0.09211847,0.6473307,0.01203127
Y1992.jpg,F3,0.014229242,0.02524146,0.07930223,0.85081226,0.030414794
Y6488.jpg,F3,0.016092693,0.019301735,0.0111043975,0.92909104,0.024410183
Y8457.jpg,F3,0.015560315,0.010465608,0.017782327,0.9458686,0.010323177
Z6906.jpg,F3,0.022322621,0.0218394,0.022724634,0.8756157,0.057497613
ct10-13.png,F3,0.02883198,0.012536967,0.018119523,0.8921854,0.04832614
ct10-14.png,F3,0.014925243,0.07391143,0.06654276,0.8292387,0.0153818345
ct10-29.png,F3,0.034823243,0.029199144,0.0537164,0.8669398,0.015321445
ct10-35.png,F3,0.016960979,0.023150887,0.013581256,0.9214883,0.024818614
ct10-36.png,F3,0.015367917,0.06179573,0.026075624,0.8552621,0.041498613
ct10-40.png,F3,0.01746865,0.017280372,0.01608333,0.9312568,0.01791089
ct10-46.png,F3,0.022517394,0.01403601,0.02317007,0.88478893,0.055487588
ct10-62.png,F3,0.024932357,0.010919126,0.020194096,0.92819256,0.015761938
ct10-7.png,F3,0.024602508,0.02214925,0.03025855,0.8365379,0.08645174
ct11-12.png,F3,0.009854847,0.0472195,0.0358267,0.88359773,0.023501147
ct11-16.png,F3,0.017743908,0.020350365,0.01571104,0.9326068,0.013587969
ct11-17.png,F3,0.021763444,0.007950667,0.014435238,0.9350775,0.020773157
ct11-18.png,F3,0.019645236,0.010841357,0.045384564,0.89985216,0.024276696
ct11-28.png,F3,0.020803522,0.10770447,0.042418733,0.43599662,0.39307666
ct11-32.png,F3,0.027411165,0.011048781,0.018155532,0.908984,0.03440052
ct11-40.png,F3,0.009866709,0.038546238,0.21951088,0.71167314,0.020403052
ct11-43.png,F3,0.013711784,0.026102979,0.01118627,0.91010934,0.038889643
ct11-44.png,F3,0.012002601,0.022875372,0.01384623,0.9379215,0.013354296
ct11-46.png,F3,0.022814736,0.020539628,0.03337476,0.84825945,0.07501142
ct11-47.png,F3,0.015184859,0.13173972,0.020986514,0.80738795,0.024700945
ct11-50.png,F3,0.016620971,0.063890986,0.09971924,0.74036163,0.07940711
ct11-60.png,F3,0.017970484,0.021871502,0.055613004,0.8911114,0.013433545
ct11-63.png,F3,0.024464888,0.058942992,0.02662305,0.6369452,0.2530238
ct11-71.png,F3,0.02299363,0.02256875,0.015007927,0.84632814,0.09310155
ct11-8.png,F3,0.01683248,0.010840515,0.022703635,0.91716325,0.032460116
ct12-19.png,F3,0.01815309,0.03006329,0.0130853,0.91680497,0.021893322
ct12-22.png,F3,0.017589396,0.045069348,0.03523637,0.8844781,0.01762675
ct12-25.png,F3,0.021621957,0.06252949,0.22915201,0.67342305,0.013273505
ct12-3.png,F3,0.017155932,0.043943286,0.0072769695,0.9041548,0.027469026
ct12-36.png,F3,0.024820957,0.3093937,0.016325943,0.4437452,0.20571424
ct12-39.png,F3,0.016968407,0.012531788,0.012864199,0.92787254,0.029763028
ct12-4.png,F3,0.040375415,0.053431403,0.018837664,0.16171655,0.725639
ct12-41.png,F3,0.019428266,0.026567165,0.8245965,0.10009693,0.029311115
ct12-43.png,F3,0.025598008,0.075242184,0.008870184,0.8582197,0.032069985
ct12-47.png,F3,0.028526755,0.17709598,0.3218991,0.37005198,0.102426134
ct8-38.png,F3,0.024936862,0.017117787,0.01669647,0.9243074,0.016941462
ct8-51.png,F3,0.020969965,0.008320918,0.009080314,0.9340249,0.027603982
ct8-56.png,F3,0.01738718,0.038692962,0.030286858,0.799644,0.11398897
ct8-58.png,F3,0.019421143,0.011212725,0.06978552,0.8378572,0.061723366
ct8-59.png,F3,0.027848091,0.010011053,0.1194351,0.79696727,0.04573847
ct8-68.png,F3,0.029734358,0.014848397,0.022170959,0.9003141,0.032932222
ct8-69.png,F3,0.014422498,0.011968838,0.050869014,0.8992763,0.0234634
ct8-71.png,F3,0.018292533,0.008854093,0.019196706,0.91978276,0.033873934
ct9-10.png,F3,0.018164605,0.016335705,0.013283185,0.93155396,0.020662589
ct9-19.png,F3,0.020487843,0.015484819,0.0095475465,0.9342456,0.020234283
ct9-21.png,F3,0.013801487,0.026368976,0.014487358,0.91529876,0.030043373
ct9-27.png,F3,0.016968273,0.016188577,0.022902826,0.91496265,0.028977716
ct9-3.png,F3,0.025923025,0.071933486,0.17577317,0.70373785,0.022632394
ct9-30.png,F3,0.022707354,0.014744214,0.013498456,0.92307687,0.025973083
ct9-34.png,F3,0.017945403,0.023248937,0.047373142,0.90006775,0.011364789
ct9-37.png,F3,0.024004374,0.013992808,0.011167817,0.9148078,0.036027256
ct9-40.png,F3,0.026224906,0.015421461,0.021472255,0.91444236,0.022439023
ct9-41.png,F3,0.015228381,0.0463545,0.015983462,0.89927095,0.023162633
ct9-54.png,F3,0.028842429,0.0149958655,0.037047192,0.87792236,0.041192032
ct9-57.png,F3,0.021134222,0.011761996,0.02496007,0.9008565,0.04128722
ct9-58.png,F3,0.019162925,0.014839797,0.06391008,0.73775774,0.16432942
ct9-62.png,F3,0.018016107,0.009279696,0.012219512,0.92884403,0.031640586
ct9-63.png,F3,0.013461758,0.017248584,0.0102090975,0.9337493,0.025331227
ct9-64.png,F3,0.015043113,0.014473383,0.010292841,0.92804337,0.032147314
ct9-67.png,F3,0.01539319,0.0075407466,0.046247087,0.90674084,0.024078105
ct9-69.png,F3,0.021960557,0.017980535,0.086890124,0.8595751,0.013593709
ct9-71.png,F3,0.024594078,0.19979994,0.60865873,0.107450016,0.05949718
ct9-72.png,F3,0.030672327,0.20721905,0.010654951,0.7386237,0.0128300255
j3228.jpg,F3,0.014628454,0.017747937,0.0081018265,0.9396545,0.019867245
j5988.jpg,F3,0.018013172,0.011622787,0.014394303,0.93460023,0.021369476
j9948.jpg,F3,0.01738718,0.038692962,0.030286858,0.799644,0.11398897
k1313.jpg,F3,0.019645236,0.010841357,0.045384564,0.89985216,0.024276696
k3387.jpg,F3,0.022996264,0.01776662,0.008994995,0.91342145,0.0368206
k488.jpg,F3,0.022814736,0.020539628,0.03337476,0.84825945,0.07501142
k5543.jpg,F3,0.015051569,0.019064814,0.036220208,0.90572953,0.0239338
k5900.jpg,F3,0.028242365,0.21925914,0.46718627,0.27327305,0.012039149
k7151.jpg,F3,0.017854143,0.008721972,0.07037879,0.8874249,0.0156201655
k7334.jpg,F3,0.01683248,0.010840515,0.022703635,0.91716325,0.032460116
l2950.jpg,F3,0.020352019,0.021122316,0.0050906637,0.913693,0.039741952
l6895.jpg,F3,0.009702149,0.020917676,0.027898153,0.9304874,0.010994583
m1384.jpg,F3,0.009282706,0.020223271,0.040828332,0.91097414,0.018691534
m3647.jpg,F3,0.017827893,0.022815168,0.03231051,0.9064442,0.02060229
m3849.jpg,F3,0.019397106,0.025318459,0.018028986,0.9083142,0.028941264
m4068.jpg,F3,0.022719948,0.032895874,0.016083477,0.8989805,0.029320214
m7319.jpg,F3,0.020790637,0.021538192,0.008153902,0.9305462,0.01897106
n567.jpg,F3,0.027848091,0.010011053,0.1194351,0.79696727,0.04573847
n9515.jpg,F3,0.027251422,0.1908609,0.01730858,0.75507224,0.00950682
o1126.jpg,F3,0.013460787,0.008700167,0.025337506,0.9331799,0.019321594
o1578.jpg,F3,0.024936862,0.017117787,0.01669647,0.9243074,0.016941462
o3327.jpg,F3,0.021825671,0.009848465,0.013891449,0.93051296,0.02392147
o498.jpg,F3,0.019390104,0.044646177,0.024598075,0.9016254,0.009740274
o7193.jpg,F3,0.017585285,0.013579383,0.01652851,0.9265961,0.025710734
o7398.jpg,F3,0.017945403,0.023248937,0.047373142,0.90006775,0.011364789
p2166.jpg,F3,0.0223064,0.030429648,0.010125235,0.92442757,0.012711152
p5351.jpg,F3,0.04034704,0.09595324,0.013564114,0.8366689,0.013466737
p5605.jpg,F3,0.02299363,0.02256875,0.015007927,0.84632814,0.09310155
p7022.jpg,F3,0.020352358,0.03253402,0.020955265,0.8738877,0.05227065
q7117.jpg,F3,0.016620971,0.063890986,0.09971924,0.74036163,0.07940711
r2381.jpg,F3,0.02299363,0.02256875,0.015007927,0.84632814,0.09310155
r4398.jpg,F3,0.015184859,0.13173972,0.020986514,0.80738795,0.024700945
r4584.jpg,F3,0.019754885,0.11825699,0.11676609,0.706752,0.038470015
r7566.jpg,F3,0.014422498,0.011968838,0.050869014,0.8992763,0.0234634
s1732.jpg,F3,0.01681716,0.032534894,0.07508766,0.75884587,0.116714396
s5515.jpg,F3,0.030672327,0.20721905,0.010654951,0.7386237,0.0128300255
s853.jpg,F3,0.028526755,0.17709598,0.3218991,0.37005198,0.102426134
t2233.jpg,F3,0.020306014,0.013367726,0.031096142,0.915708,0.019522104
t6055.jpg,F3,0.009282706,0.020223271,0.040828332,0.91097414,0.018691534
t6891.jpg,F3,0.026828682,0.015952598,0.03646942,0.89250743,0.028241912
t9488.jpg,F3,0.012002601,0.022875372,0.01384623,0.9379215,0.013354296
t974.jpg,F3,0.022347664,0.012745384,0.014777769,0.9154706,0.034658656
u2243.jpg,F3,0.027127929,0.020779239,0.024039553,0.9129683,0.015085067
u490.jpg,F3,0.014831244,0.08802067,0.05147383,0.829312,0.016362257
v2857.jpg,F3,0.016936438,0.011867914,0.0073675467,0.93342143,0.030406661
v3759.jpg,F3,0.019505432,0.015233475,0.006530825,0.94517547,0.013554781
w1313.jpg,F3,0.018835988,0.014280893,0.0135736605,0.9336473,0.019662118
w5881.jpg,F3,0.015661454,0.02383433,0.036146276,0.86025983,0.06409811
w6756.jpg,F3,0.022322621,0.0218394,0.022724634,0.8756157,0.057497613
w6770.jpg,F3,0.020487843,0.015484819,0.0095475465,0.9342456,0.020234283
y3587.jpg,F3,0.02027165,0.014006029,0.00852959,0.932176,0.025016723
y9435.jpg,F3,0.012468329,0.011024899,0.0123183625,0.94223744,0.02195093
z4531.jpg,F3,0.02364651,0.018580705,0.015848957,0.9110401,0.030883681
z5083.jpg,F3,0.016960979,0.023150887,0.013581256,0.9214883,0.024818614
F3812.jpg,F4,0.025303217,0.05972235,0.016588934,0.010776917,0.8876085
F6703.jpg,F4,0.018256836,0.018799229,0.023281924,0.018890066,0.92077196
F9024.jpg,F4,0.019351948,0.02153416,0.019028775,0.019332256,0.9207528
F9783.jpg,F4,0.018958898,0.019145112,0.021135496,0.01981899,0.92094153
G5372.jpg,F4,0.018206302,0.084156394,0.0070925537,0.053811252,0.83673346
G6213.jpg,F4,0.022136563,0.019548507,0.00888216,0.019443069,0.92998976
G848.jpg,F4,0.020276513,0.023052797,0.016772289,0.022846794,0.9170517
G8785.jpg,F4,0.018737113,0.021990126,0.020732163,0.019603731,0.9189368
G8915.jpg,F4,0.023323573,0.015903976,0.012417909,0.017728264,0.93062633
G9266.jpg,F4,0.024220333,0.02306313,0.0172931,0.01574795,0.9196755
G9968.jpg,F4,0.018861998,0.021807881,0.018768327,0.019664701,0.92089707
H1684.jpg,F4,0.019817237,0.011740601,0.0229053,0.027593628,0.91794324
H3620.jpg,F4,0.019062245,0.017421717,0.014185669,0.018741596,0.9305887
H5545.jpg,F4,0.022983786,0.02279277,0.014475643,0.015085627,0.9246621
H7090.jpg,F4,0.026285367,0.024233412,0.01776182,0.023044081,0.9086753
H813.jpg,F4,0.017464383,0.021709977,0.020080633,0.020128159,0.9206168
I1001.jpg,F4,0.02424459,0.027856076,0.053356096,0.01877214,0.87577105
I1320.jpg,F4,0.018324217,0.019310515,0.022649022,0.019709555,0.92000675
I2381.jpg,F4,0.021371529,0.024113333,0.013782385,0.01610069,0.9246321
I2733.jpg,F4,0.018275797,0.017687699,0.040059812,0.013973679,0.910003
I5716.jpg,F4,0.021335617,0.02069296,0.021095935,0.020786282,0.9160891
I8573.jpg,F4,0.01577816,0.018470123,0.023463123,0.019155078,0.9231335
I9333.jpg,F4,0.019050045,0.021848787,0.02076351,0.021965217,0.9163724
J6410.jpg,F4,0.018737113,0.021990126,0.020732163,0.019603731,0.9189368
J9540.jpg,F4,0.035395764,0.044012014,0.017565273,0.019071957,0.88395494
J9938.jpg,F4,0.020900248,0.019114645,0.020573275,0.019635089,0.9197767
K3027.jpg,F4,0.035395764,0.044012014,0.017565273,0.019071957,0.88395494
K4265.jpg,F4,0.017631067,0.019078262,0.018989976,0.019374348,0.9249263
K4740.jpg,F4,0.019318683,0.020874036,0.018596351,0.020952154,0.9202588
K7366.jpg,F4,0.018401697,0.018347675,0.020351179,0.01936073,0.9235387
K8322.jpg,F4,0.021142988,0.02299093,0.021112824,0.021318622,0.9134346
K9604.jpg,F4,0.025460247,0.021348206,0.022119712,0.027222676,0.90384907
L1352.jpg,F4,0.021246195,0.025855593,0.021224055,0.022365607,0.90930855
L1719.jpg,F4,0.017574377,0.019438725,0.02061363,0.017871281,0.92450196
L1795.jpg,F4,0.019062245,0.017421717,0.014185669,0.018741596,0.9305887
L3230.jpg,F4,0.032890845,0.020101503,0.01763923,0.017307468,0.912061
L3807.jpg,F4,0.026285367,0.024233412,0.01776182,0.023044081,0.9086753
L3956.jpg,F4,0.018861998,0.021807881,0.018768327,0.019664701,0.92089707
L5207.jpg,F4,0.019054633,0.021052234,0.01778876,0.019585736,0.92251855
L5270.jpg,F4,0.016451743,0.017164802,0.018942524,0.017391996,0.93004894
L6605.jpg,F4,0.017363722,0.018647248,0.019051863,0.020755688,0.9241815
L6945.jpg,F4,0.020475527,0.02539192,0.020773107,0.021791428,0.911568
M1207.jpg,F4,0.01711832,0.017584339,0.02109639,0.017887369,0.9263136
M3343.jpg,F4,0.024534002,0.022866944,0.0227661,0.023875186,0.90595776
M5233.jpg,F4,0.018105887,0.017461414,0.014548613,0.01489008,0.934994
M5785.jpg,F4,0.025544535,0.011109426,0.01618584,0.015611716,0.9315485
M9084.jpg,F4,0.02637482,0.018064084,0.034043815,0.031949185,0.88956815
N2583.jpg,F4,0.019351948,0.02153416,0.019028775,0.019332256,0.9207528
N5136.jpg,F4,0.022457592,0.019726,0.020934738,0.020027379,0.9168543
N624.jpg,F4,0.021366406,0.01977204,0.021123067,0.021536041,0.9162026
N6979.jpg,F4,0.023504553,0.032158013,0.016258348,0.021406192,0.90667295
N8179.jpg,F4,0.02257864,0.02082304,0.017355913,0.02556018,0.9136822
N8952.jpg,F4,0.022560557,0.01983769,0.011107613,0.014271704,0.9322224
O2763.jpg,F4,0.022856167,0.018387755,0.009883871,0.016589388,0.9322828
O3235.jpg,F4,0.021622207,0.014769136,0.012367208,0.011700258,0.93954116
O4213.jpg,F4,0.023939861,0.026400933,0.016519032,0.0177839,0.9153562
O6953.jpg,F4,0.020817552,0.024759905,0.0599846,0.023388665,0.8710493
O7196.jpg,F4,0.024648992,0.02308248,0.01712609,0.021741077,0.91340137
O7660.jpg,F4,0.018617786,0.019470286,0.019121092,0.020835565,0.92195535
O9308.jpg,F4,0.021495618,0.018294524,0.022288207,0.02105949,0.91686213
O9596.jpg,F4,0.022680962,0.021056905,0.02241529,0.02211021,0.91173667
P3165.jpg,F4,0.026285367,0.024233412,0.01776182,0.023044081,0.9086753
P3592.jpg,F4,0.025908414,0.17091978,0.012028732,0.06823008,0.72291297
Q1877.jpg,F4,0.018958898,0.019145112,0.021135496,0.01981899,0.92094153
Q2671.jpg,F4,0.01756794,0.01887926,0.018112892,0.01929855,0.9261414
Q3568.jpg,F4,0.01878447,0.022394322,0.019525787,0.021947552,0.9173479
Q4585.jpg,F4,0.023420159,0.019641565,0.010980064,0.012359065,0.9335992
Q6129.jpg,F4,0.02917254,0.027741121,0.012712225,0.036671847,0.8937023
Q6792.jpg,F4,0.021127276,0.02600221,0.015918512,0.013659915,0.9232921
Q6837.jpg,F4,0.020534065,0.021658324,0.02016041,0.02072823,0.91691905
Q7354.jpg,F4,0.017980296,0.019357823,0.020144641,0.019376922,0.9231403
Q8384.jpg,F4,0.020503353,0.016297873,0.023774771,0.017340908,0.92208314
Q9344.jpg,F4,0.024347257,0.020241803,0.020490332,0.013642215,0.92127824
Q9890.jpg,F4,0.019351948,0.02153416,0.019028775,0.019332256,0.9207528
R1323.jpg,F4,0.021067766,0.020464446,0.021239728,0.020595185,0.9166329
R3635.jpg,F4,0.021823782,0.019965595,0.019285044,0.022905359,0.9160202
R3678.jpg,F4,0.015460371,0.018102175,0.017355466,0.018912366,0.9301696
R8742.jpg,F4,0.017646486,0.020477796,0.018509999,0.01829732,0.9250685
R9783.jpg,F4,0.019318683,0.020874036,0.018596351,0.020952154,0.9202588
S1085.jpg,F4,0.019082263,0.020522108,0.019406622,0.020251136,0.9207378
S1672.jpg,F4,0.023323573,0.015903976,0.012417909,0.017728264,0.93062633
S6207.jpg,F4,0.019830482,0.022902114,0.010456924,0.018265754,0.9285449
S6545.jpg,F4,0.018105887,0.017461414,0.014548613,0.01489008,0.934994
S660.jpg,F4,0.02276133,0.027951568,0.008874423,0.017479628,0.9229331
S6826.jpg,F4,0.021617655,0.02135747,0.018110747,0.027256105,0.911658
S7476.jpg,F4,0.018861998,0.021807881,0.018768327,0.019664701,0.92089707
T202.jpg,F4,0.02370766,0.016004903,0.023488106,0.014513215,0.9222861
T415.jpg,F4,0.020900248,0.019114645,0.020573275,0.019635089,0.9197767
T5647.jpg,F4,0.017631067,0.019078262,0.018989976,0.019374348,0.9249263
T6413.jpg,F4,0.019062245,0.017421717,0.014185669,0.018741596,0.9305887
T8592.jpg,F4,0.014892599,0.020591358,0.023004856,0.016288266,0.92522293
T9520.jpg,F4,0.022460934,0.023386907,0.01680497,0.020194314,0.91715294
U1843.jpg,F4,0.019819578,0.020932538,0.019744752,0.020538382,0.9189646
U2147.jpg,F4,0.017646486,0.020477796,0.018509999,0.01829732,0.9250685
U434.jpg,F4,0.01968538,0.014166061,0.018000131,0.017287213,0.93086123
U4785.jpg,F4,0.021823782,0.019965595,0.019285044,0.022905359,0.9160202
U584.jpg,F4,0.018265227,0.022954732,0.01798867,0.017912932,0.92287844
U6078.jpg,F4,0.01850772,0.01943045,0.020454258,0.0209921,0.92061543
U9265.jpg,F4,0.019873228,0.026407495,0.010610032,0.013461962,0.92964727
V2237.jpg,F4,0.018814195,0.017622717,0.014160157,0.019400692,0.9300022
V2723.jpg,F4,0.021207528,0.025285557,0.021967493,0.022179272,0.9093601
V346.jpg,F4,0.02424459,0.027856076,0.053356096,0.01877214,0.87577105
V3750.jpg,F4,0.028076671,0.01904382,0.025854362,0.021433646,0.9055915
V4016.jpg,F4,0.01968538,0.014166061,0.018000131,0.017287213,0.93086123
V8199.jpg,F4,0.016956285,0.017064538,0.020884357,0.0202224,0.92487246
V9174.jpg,F4,0.016115842,0.019436363,0.028159397,0.026758553,0.9095298
V9179.jpg,F4,0.025017472,0.021470252,0.02239859,0.02191902,0.90919465
W1604.jpg,F4,0.019819578,0.020932538,0.019744752,0.020538382,0.9189646
W2297.jpg,F4,0.015916063,0.018648854,0.024118282,0.016276404,0.9250404
W2458.jpg,F4,0.01850772,0.01943045,0.020454258,0.0209921,0.92061543
W2644.jpg,F4,0.024599433,0.0539433,0.023875235,0.07024523,0.8273367
W4390.jpg,F4,0.021198953,0.021994585,0.018469501,0.021783052,0.91655385
W9063.jpg,F4,0.025017472,0.021470252,0.02239859,0.02191902,0.90919465
W9604.jpg,F4,0.019747643,0.019679418,0.018490825,0.021674369,0.9204077
X3387.jpg,F4,0.024534002,0.022866944,0.0227661,0.023875186,0.90595776
X3429.jpg,F4,0.023811072,0.020672126,0.022839518,0.03320709,0.89947015
X6892.jpg,F4,0.018847292,0.04882384,0.032307785,0.14666998,0.7533511
X8536.jpg,F4,0.020248046,0.02197748,0.022848021,0.020929726,0.9139967
Y2900.jpg,F4,0.017183006,0.019255146,0.021553671,0.018595653,0.9234125
Y5106.jpg,F4,0.019790173,0.023247074,0.0102123525,0.029808655,0.91694176
Y6814.jpg,F4,0.019704483,0.019286985,0.022002002,0.01895029,0.9200562
Y8270.jpg,F4,0.017800124,0.017213685,0.014780895,0.021260647,0.92894465
Y8804.jpg,F4,0.01995489,0.021327829,0.020280827,0.020708092,0.9177285
Y8975.jpg,F4,0.017258735,0.019425731,0.01960276,0.018696098,0.9250166
Z1415.jpg,F4,0.022279775,0.022068582,0.023593327,0.020945258,0.91111296
Z1668.jpg,F4,0.019546548,0.019581405,0.015287994,0.020741863,0.9248422
Z2624.jpg,F4,0.01577816,0.018470123,0.023463123,0.019155078,0.9231335
Z3416.jpg,F4,0.020534065,0.021658324,0.02016041,0.02072823,0.91691905
Z3786.jpg,F4,0.020817552,0.024759905,0.0599846,0.023388665,0.8710493
Z7184.jpg,F4,0.018926647,0.02064401,0.019809049,0.019984772,0.9206355
Z9644.jpg,F4,0.019355265,0.023534814,0.019047465,0.020458622,0.91760385
ct12-51.png,F4,0.017272608,0.015192554,0.01147647,0.018539073,0.93751925
ct12-53.png,F4,0.016717896,0.013274673,0.018157117,0.016167691,0.93568254
ct12-56.png,F4,0.021136886,0.027258834,0.013829198,0.022666963,0.91510826
ct12-58.png,F4,0.025908414,0.17091978,0.012028732,0.06823008,0.72291297
ct12-62.png,F4,0.022939574,0.039952893,0.01941334,0.028308377,0.8893858
ct12-63.png,F4,0.024599433,0.0539433,0.023875235,0.07024523,0.8273367
ct14-17.png,F4,0.021487737,0.021058636,0.014452107,0.012297483,0.930704
ct14-23.png,F4,0.019165222,0.099005796,0.42080998,0.1069,0.35411894
ct14-26.png,F4,0.019790173,0.023247074,0.0102123525,0.029808655,0.91694176
ct14-28.png,F4,0.020607417,0.013177209,0.019165764,0.02407893,0.92297065
ct14-33.png,F4,0.019817237,0.011740601,0.0229053,0.027593628,0.91794324
ct14-38.png,F4,0.014220639,0.014862255,0.019589268,0.031569548,0.9197582
ct14-4.png,F4,0.022107163,0.028061647,0.039646093,0.011989946,0.89819515
ct14-41.png,F4,0.020255277,0.011112838,0.02189898,0.014734849,0.9319981
ct14-47.png,F4,0.020038512,0.049185462,0.02183032,0.016325362,0.89262027
ct14-55.png,F4,0.020401174,0.017233465,0.014027841,0.014576141,0.9337613
ct15-14.png,F4,0.021714343,0.022080056,0.009275708,0.014222042,0.9327078
ct15-24.png,F4,0.02637482,0.018064084,0.034043815,0.031949185,0.88956815
ct15-25.png,F4,0.015497082,0.010170564,0.014898921,0.016332988,0.94310033
ct15-34.png,F4,0.024220333,0.02306313,0.0172931,0.01574795,0.9196755
ct15-41.png,F4,0.023420159,0.019641565,0.010980064,0.012359065,0.9335992
ct15-45.png,F4,0.023123546,0.02322254,0.01216844,0.0149220005,0.92656344
ct15-46.png,F4,0.021371529,0.024113333,0.013782385,0.01610069,0.9246321
ct15-47.png,F4,0.022856167,0.018387755,0.009883871,0.016589388,0.9322828
ct15-49.png,F4,0.018814195,0.017622717,0.014160157,0.019400692,0.9300022
d2.jpg,F4,0.018552598,0.018739894,0.020970391,0.020315481,0.9214215
d22.jpg,F4,0.017464383,0.021709977,0.020080633,0.020128159,0.9206168
d24.jpg,F4,0.018063653,0.020950263,0.019566791,0.019878568,0.9215407
d27.jpg,F4,0.018097118,0.019247737,0.019782249,0.021298027,0.9215749
d28.jpg,F4,0.018557517,0.02108102,0.017123785,0.019081522,0.92415625
d31.jpg,F4,0.019351948,0.02153416,0.019028775,0.019332256,0.9207528
d32.jpg,F4,0.01806605,0.019604953,0.019327281,0.020290473,0.92271125
d36.jpg,F4,0.017574377,0.019438725,0.02061363,0.017871281,0.92450196
d37.jpg,F4,0.018451896,0.020134898,0.020828094,0.0196338,0.9209512
d47.jpg,F4,0.016739264,0.022682281,0.01847933,0.019103274,0.92299587
d49.jpg,F4,0.01577816,0.018470123,0.023463123,0.019155078,0.9231335
d5.jpg,F4,0.019368378,0.02180346,0.022440946,0.021621397,0.9147658
d50.jpg,F4,0.017630668,0.021218292,0.024756184,0.019166311,0.91722864
e13.jpg,F4,0.017024359,0.018625882,0.019367982,0.019798273,0.9251836
e20.jpg,F4,0.019704483,0.019286985,0.022002002,0.01895029,0.9200562
e29.jpg,F4,0.017258735,0.019425731,0.01960276,0.018696098,0.9250166
e30.jpg,F4,0.020076316,0.023598358,0.0207737,0.020212913,0.9153387
e31.jpg,F4,0.019266829,0.022621384,0.020403469,0.019123752,0.91858447
e36.jpg,F4,0.017646486,0.020477796,0.018509999,0.01829732,0.9250685
e38.jpg,F4,0.020745773,0.02194491,0.023112802,0.021857893,0.9123386
e40.jpg,F4,0.018227601,0.019678494,0.018642835,0.019981777,0.92346925
e41.jpg,F4,0.017631067,0.019078262,0.018989976,0.019374348,0.9249263
e43.jpg,F4,0.02195601,0.021975873,0.020581575,0.023545125,0.9119414
e44.jpg,F4,0.019546548,0.019581405,0.015287994,0.020741863,0.9248422
e45.jpg,F4,0.020276513,0.023052797,0.016772289,0.022846794,0.9170517
e5.jpg,F4,0.01711832,0.017584339,0.02109639,0.017887369,0.9263136
f13.jpg,F4,0.025876492,0.02559442,0.022163289,0.027560007,0.89880586
f16.jpg,F4,0.02101139,0.020229222,0.020971341,0.02051285,0.9172752
f17.jpg,F4,0.021067766,0.020464446,0.021239728,0.020595185,0.9166329
f19.jpg,F4,0.020945014,0.020256309,0.021602144,0.020221015,0.91697544
f21.jpg,F4,0.021335617,0.02069296,0.021095935,0.020786282,0.9160891
f23.jpg,F4,0.02367729,0.023064319,0.021373989,0.022869322,0.90901506
f24.jpg,F4,0.022279775,0.022068582,0.023593327,0.020945258,0.91111296
f29.jpg,F4,0.020473586,0.019370852,0.0208405,0.018802974,0.92051214
f35.jpg,F4,0.02145418,0.023204928,0.020105388,0.019833883,0.91540164
f36.jpg,F4,0.021301271,0.020421416,0.020609649,0.022346267,0.91532147
f3683.jpg,F4,0.021371529,0.024113333,0.013782385,0.01610069,0.9246321
f3772.jpg,F4,0.016956285,0.017064538,0.020884357,0.0202224,0.92487246
f38.jpg,F4,0.024058823,0.021439984,0.021942286,0.022673925,0.90988505
f3834.jpg,F4,0.015535986,0.01355999,0.015612686,0.011665493,0.9436258
f39.jpg,F4,0.02117884,0.01908835,0.023813196,0.01994171,0.9159779
f41.jpg,F4,0.022457592,0.019726,0.020934738,0.020027379,0.9168543
f4216.jpg,F4,0.019098463,0.020799804,0.020470915,0.021631157,0.9179996
f4343.jpg,F4,0.016279312,0.018077139,0.018491918,0.019595005,0.92755663
f5594.jpg,F4,0.020401174,0.017233465,0.014027841,0.014576141,0.9337613
f6.jpg,F4,0.019318683,0.020874036,0.018596351,0.020952154,0.9202588
f9813.jpg,F4,0.019054633,0.021052234,0.01778876,0.019585736,0.92251855
g10.jpg,F4,0.020741353,0.023921197,0.022544023,0.022200981,0.91059244
g11.jpg,F4,0.021117583,0.025152449,0.021623826,0.022681894,0.9094243
g19.jpg,F4,0.019819578,0.020932538,0.019744752,0.020538382,0.9189646
g22.jpg,F4,0.018013362,0.019540854,0.019787407,0.019766608,0.92289186
g23.jpg,F4,0.020475527,0.02539192,0.020773107,0.021791428,0.911568
g24.jpg,F4,0.021246195,0.025855593,0.021224055,0.022365607,0.90930855
g26.jpg,F4,0.019451745,0.021233177,0.017640201,0.01702531,0.9246496
g3.jpg,F4,0.018926647,0.02064401,0.019809049,0.019984772,0.9206355
g3057.jpg,F4,0.017717564,0.016581172,0.019501206,0.020811914,0.9253881
g374.jpg,F4,0.021002082,0.025372166,0.014227687,0.030671261,0.9087268
g9.jpg,F4,0.01956401,0.027513694,0.021215424,0.02363491,0.90807194
h2616.jpg,F4,0.021246195,0.025855593,0.021224055,0.022365607,0.90930855
h5239.jpg,F4,0.020886691,0.10930088,0.027250737,0.027181044,0.81538063
h8069.jpg,F4,0.01956401,0.027513694,0.021215424,0.02363491,0.90807194
h9938.jpg,F4,0.019324027,0.021047069,0.017425483,0.021737497,0.920466
i1267.jpg,F4,0.020473586,0.019370852,0.0208405,0.018802974,0.92051214
i242.jpg,F4,0.020762503,0.017675184,0.031681325,0.021824526,0.90805644
i2743.jpg,F4,0.019490441,0.019584237,0.02122664,0.019976256,0.9197223
i6243.jpg,F4,0.02142249,0.01957177,0.027965052,0.018927582,0.91211313
i6613.jpg,F4,0.016115842,0.019436363,0.028159397,0.026758553,0.9095298
i7696.jpg,F4,0.03952067,0.018646825,0.015828637,0.020107243,0.9058966
i8680.jpg,F4,0.021142988,0.02299093,0.021112824,0.021318622,0.9134346
i9457.jpg,F4,0.019464198,0.02756014,0.017762283,0.016219633,0.9189938
i9968.jpg,F4,0.019266829,0.022621384,0.020403469,0.019123752,0.91858447
j5456.jpg,F4,0.019054633,0.021052234,0.01778876,0.019585736,0.92251855
j6133.jpg,F4,0.01785335,0.019887391,0.017322104,0.020208048,0.9247291
j6328.jpg,F4,0.025460247,0.021348206,0.022119712,0.027222676,0.90384907
k2333.jpg,F4,0.020886691,0.10930088,0.027250737,0.027181044,0.81538063
k262.jpg,F4,0.021617655,0.02135747,0.018110747,0.027256105,0.911658
k3069.jpg,F4,0.020473586,0.019370852,0.0208405,0.018802974,0.92051214
k3284.jpg,F4,0.013228045,0.020877417,0.022953507,0.017533327,0.9254077
k4147.jpg,F4,0.018013362,0.019540854,0.019787407,0.019766608,0.92289186
k416.jpg,F4,0.028076671,0.01904382,0.025854362,0.021433646,0.9055915
k4219.jpg,F4,0.018063653,0.020950263,0.019566791,0.019878568,0.9215407
k5020.jpg,F4,0.020503353,0.016297873,0.023774771,0.017340908,0.92208314
k8122.jpg,F4,0.024058823,0.021439984,0.021942286,0.022673925,0.90988505
l1640.jpg,F4,0.028318487,0.023634616,0.014353179,0.032360014,0.9013337
l4051.jpg,F4,0.026285367,0.024233412,0.01776182,0.023044081,0.9086753
l4818.jpg,F4,0.018798368,0.02261687,0.02290613,0.01777495,0.91790366
l4822.jpg,F4,0.019960018,0.02128956,0.020082785,0.0209257,0.917742
m1084.jpg,F4,0.024455411,0.023128275,0.023959324,0.02521252,0.9032445
m2081.jpg,F4,0.018324217,0.019310515,0.022649022,0.019709555,0.92000675
m2567.jpg,F4,0.018283732,0.019526241,0.02374244,0.018409166,0.92003834
m2867.jpg,F4,0.018184487,0.015797302,0.02024313,0.023436675,0.9223383
m3971.jpg,F4,0.019050045,0.021848787,0.02076351,0.021965217,0.9163724
m71.jpg,F4,0.01785335,0.019887391,0.017322104,0.020208048,0.9247291
m8489.jpg,F4,0.017662816,0.015648115,0.022658704,0.021828532,0.9222018
m8566.jpg,F4,0.028076671,0.01904382,0.025854362,0.021433646,0.9055915
m902.jpg,F4,0.018156506,0.017747855,0.019820465,0.017932864,0.92634237
m9512.jpg,F4,0.01971996,0.020868555,0.021103842,0.02232089,0.9159868
m9856.jpg,F4,0.020703753,0.01912832,0.02036135,0.019773152,0.9200334
n1666.jpg,F4,0.021615587,0.017726213,0.016843164,0.0142133385,0.9296017
n1705.jpg,F4,0.019790173,0.023247074,0.0102123525,0.029808655,0.91694176
n354.jpg,F4,0.020945014,0.020256309,0.021602144,0.020221015,0.91697544
n3938.jpg,F4,0.016667388,0.018751053,0.017265169,0.021742336,0.92557406
n4350.jpg,F4,0.019368457,0.022547103,0.021011231,0.018969666,0.91810364
n4498.jpg,F4,0.02395545,0.042104498,0.013971198,0.021313764,0.89865506
n5564.jpg,F4,0.019490441,0.019584237,0.02122664,0.019976256,0.9197223
o2514.jpg,F4,0.01711778,0.017608844,0.019108543,0.018406613,0.9277581
o2797.jpg,F4,0.017024184,0.020116167,0.021563131,0.020759145,0.9205373
o3334.jpg,F4,0.024058823,0.021439984,0.021942286,0.022673925,0.90988505
o411.jpg,F4,0.020288227,0.023201711,0.02061284,0.020325642,0.91557163
o4643.jpg,F4,0.024058823,0.021439984,0.021942286,0.022673925,0.90988505
o6655.jpg,F4,0.018519323,0.022193382,0.019251756,0.01879776,0.92123777
o8343.jpg,F4,0.021142988,0.02299093,0.021112824,0.021318622,0.9134346
p3666.jpg,F4,0.025544535,0.011109426,0.01618584,0.015611716,0.9315485
p5801.jpg,F4,0.019040702,0.018257154,0.021634212,0.018893858,0.92217404
p8888.jpg,F4,0.020076316,0.023598358,0.0207737,0.020212913,0.9153387
p9039.jpg,F4,0.018156506,0.017747855,0.019820465,0.017932864,0.92634237
p969.jpg,F4,0.01929759,0.02319726,0.015879715,0.013086305,0.9285392
q5623.jpg,F4,0.035395764,0.044012014,0.017565273,0.019071957,0.88395494
q5639.jpg,F4,0.022179298,0.016633391,0.015767286,0.02093324,0.92448676
q7237.jpg,F4,0.018047417,0.010329073,0.027150987,0.02394804,0.9205245
q7527.jpg,F4,0.017624006,0.017660912,0.018383723,0.019112416,0.9272188
r1723.jpg,F4,0.019368378,0.02180346,0.022440946,0.021621397,0.9147658
r1887.jpg,F4,0.023123546,0.02322254,0.01216844,0.0149220005,0.92656344
r4297.jpg,F4,0.018558823,0.019419111,0.023082012,0.018605724,0.9203342
r4341.jpg,F4,0.01711832,0.017584339,0.02109639,0.017887369,0.9263136
r7181.jpg,F4,0.018420966,0.02058696,0.017117746,0.009961814,0.9339126
s28.jpg,F4,0.022460934,0.023386907,0.01680497,0.020194314,0.91715294
s4525.jpg,F4,0.018283732,0.019526241,0.02374244,0.018409166,0.92003834
s6354.jpg,F4,0.02041772,0.021036964,0.0208643,0.021374637,0.9163064
s6557.jpg,F4,0.019368378,0.02180346,0.022440946,0.021621397,0.9147658
s9625.jpg,F4,0.024347257,0.020241803,0.020490332,0.013642215,0.92127824
t1165.jpg,F4,0.01850772,0.01943045,0.020454258,0.0209921,0.92061543
t2240.jpg,F4,0.019164754,0.022493716,0.022418963,0.016970908,0.9189516
t3453.jpg,F4,0.020745773,0.02194491,0.023112802,0.021857893,0.9123386
t4970.jpg,F4,0.022125307,0.021380557,0.0209501,0.021232767,0.91431123
t6490.jpg,F4,0.021371529,0.024113333,0.013782385,0.01610069,0.9246321
t8.jpg,F4,0.017823555,0.017332014,0.014578722,0.019182082,0.9310836
u1684.jpg,F4,0.019464198,0.02756014,0.017762283,0.016219633,0.9189938
u2300.jpg,F4,0.022460934,0.023386907,0.01680497,0.020194314,0.91715294
u3657.jpg,F4,0.025303217,0.05972235,0.016588934,0.010776917,0.8876085
u3744.jpg,F4,0.022734955,0.02200896,0.017624669,0.021206168,0.91642517
u3748.jpg,F4,0.019368457,0.022547103,0.021011231,0.018969666,0.91810364
u4433.jpg,F4,0.019318683,0.020874036,0.018596351,0.020952154,0.9202588
u5719.jpg,F4,0.023811072,0.020672126,0.022839518,0.03320709,0.89947015
u629.jpg,F4,0.019318683,0.020874036,0.018596351,0.020952154,0.9202588
u8209.jpg,F4,0.020741353,0.023921197,0.022544023,0.022200981,0.91059244
u9247.jpg,F4,0.022890104,0.018188652,0.013719051,0.012826149,0.93237597
u9815.jpg,F4,0.019098463,0.020799804,0.020470915,0.021631157,0.9179996
v1172.jpg,F4,0.01879097,0.037191596,0.024906805,0.014639029,0.9044715
v2079.jpg,F4,0.01983739,0.01915038,0.021035139,0.027255598,0.9127215
v2156.jpg,F4,0.019747643,0.019679418,0.018490825,0.021674369,0.9204077
v3214.jpg,F4,0.017630668,0.021218292,0.024756184,0.019166311,0.91722864
v6404.jpg,F4,0.019817237,0.011740601,0.0229053,0.027593628,0.91794324
v6417.jpg,F4,0.019873228,0.026407495,0.010610032,0.013461962,0.92964727
v7456.jpg,F4,0.015647674,0.02153633,0.023531213,0.019633494,0.9196513
w2451.jpg,F4,0.017671457,0.0103398645,0.018284142,0.01579526,0.93790936
w2727.jpg,F4,0.019368378,0.02180346,0.022440946,0.021621397,0.9147658
w5996.jpg,F4,0.01573759,0.014695496,0.01464022,0.019333787,0.9355928
w7404.jpg,F4,0.018256836,0.018799229,0.023281924,0.018890066,0.92077196
w7849.jpg,F4,0.02159045,0.015464457,0.015526641,0.012915536,0.9345029
w8066.jpg,F4,0.020055722,0.027930604,0.010744608,0.02434302,0.91692615
w8462.jpg,F4,0.021495618,0.018294524,0.022288207,0.02105949,0.91686213
w933.jpg,F4,0.01806605,0.019604953,0.019327281,0.020290473,0.92271125
w984.jpg,F4,0.017631067,0.019078262,0.018989976,0.019374348,0.9249263
x2273.jpg,F4,0.019222368,0.021968193,0.021021003,0.019249959,0.9185385
x3067.jpg,F4,0.01593918,0.01807597,0.018918272,0.01783432,0.92923224
x5481.jpg,F4,0.02040926,0.020174107,0.018335598,0.02352702,0.917554
x570.jpg,F4,0.021495618,0.018294524,0.022288207,0.02105949,0.91686213
x6951.jpg,F4,0.018798368,0.02261687,0.02290613,0.01777495,0.91790366
x837.jpg,F4,0.02074572,0.01361291,0.01267281,0.017062157,0.9359064
x858.jpg,F4,0.020945014,0.020256309,0.021602144,0.020221015,0.91697544
x8782.jpg,F4,0.022734955,0.02200896,0.017624669,0.021206168,0.91642517
y1418.jpg,F4,0.019082263,0.020522108,0.019406622,0.020251136,0.9207378
y3776.jpg,F4,0.016150735,0.017280877,0.016205095,0.01989921,0.93046415
y4126.jpg,F4,0.015497082,0.010170564,0.014898921,0.016332988,0.94310033
y8562.jpg,F4,0.021207528,0.025285557,0.021967493,0.022179272,0.9093601
y8636.jpg,F4,0.02367729,0.023064319,0.021373989,0.022869322,0.90901506
y9239.jpg,F4,0.02159045,0.015464457,0.015526641,0.012915536,0.9345029
z1604.jpg,F4,0.015535986,0.01355999,0.015612686,0.011665493,0.9436258
z3752.jpg,F4,0.017689932,0.025366314,0.012230586,0.017586954,0.92712617
z5971.jpg,F4,0.01960098,0.022032944,0.020375015,0.021921176,0.9160698
z8136.jpg,F4,0.028585555,0.015120688,0.027491016,0.021354586,0.9074481
z8605.jpg,F4,0.01878447,0.022394322,0.019525787,0.021947552,0.9173479
z9764.jpg,F4,0.018257804,0.01880046,0.023281729,0.018890686,0.9207692
