filename,true_label,resnet_f0_prob,resnet_f1_prob,resnet_f2_prob,resnet_f3_prob,resnet_f4_prob
a1002.jpg,F0,0.8401544,0.04379437,0.0417866,0.042981405,0.031283155
a1045.jpg,F0,0.8401544,0.04379437,0.0417866,0.042981405,0.031283155
a108.jpg,F0,0.2735633,0.1844014,0.07443304,0.07272681,0.39487547
a109.jpg,F0,0.5907526,0.06985277,0.050730485,0.03821499,0.25044918
a1117.jpg,F0,0.6899,0.1793079,0.02884387,0.029229702,0.0727186
a1129.jpg,F0,0.4754764,0.2980966,0.055933867,0.048208985,0.12228409
a1160.jpg,F0,0.36943752,0.34558737,0.066327885,0.038109403,0.18053778
a1167.jpg,F0,0.8821498,0.04147531,0.019298082,0.02230858,0.034768097
a1171.jpg,F0,0.5815444,0.18730955,0.068356104,0.053234562,0.10955542
a123.jpg,F0,0.6190893,0.20300443,0.037447777,0.056826677,0.08363179
a1265.jpg,F0,0.84018064,0.056192223,0.031856373,0.037499744,0.034270998
a141.jpg,F0,0.5262784,0.1722173,0.03925003,0.044722833,0.21753146
a1421.jpg,F0,0.84054536,0.05172179,0.027720703,0.046592157,0.03342011
a143.jpg,F0,0.5234598,0.21130636,0.040029753,0.04516197,0.18004216
a1468.jpg,F0,0.7979539,0.07627353,0.031766485,0.035201218,0.058804806
a149.jpg,F0,0.80186045,0.07794916,0.03211799,0.049429502,0.03864291
a1511.jpg,F0,0.8703238,0.01824072,0.03466319,0.026010482,0.050761763
a1526.jpg,F0,0.8749188,0.019813608,0.042630736,0.026961029,0.03567584
a1541.jpg,F0,0.8806991,0.025524065,0.033573747,0.024455769,0.035747264
a1568.jpg,F0,0.525171,0.14974633,0.045934267,0.04156425,0.23758414
a1578.jpg,F0,0.91453314,0.019938098,0.022129687,0.024159791,0.019239334
a1593.jpg,F0,0.9033925,0.02320261,0.021035405,0.024523485,0.027845997
a1596.jpg,F0,0.84418964,0.059452973,0.037669495,0.023348557,0.035339277
a1599.jpg,F0,0.6909487,0.062139172,0.040106133,0.0403669,0.16643906
a1604.jpg,F0,0.8861918,0.028871031,0.025398266,0.026830321,0.03270852
a1618.jpg,F0,0.87596977,0.03410429,0.012531381,0.06578028,0.011614368
a1625.jpg,F0,0.90813243,0.031587042,0.02122134,0.021819698,0.01723956
a163.jpg,F0,0.827407,0.051851567,0.046542976,0.043620463,0.03057788
a171.jpg,F0,0.8547017,0.05058983,0.030650893,0.026799452,0.03725817
a173.jpg,F0,0.8509837,0.04159084,0.040898588,0.040962152,0.02556469
a175.jpg,F0,0.48677212,0.25542444,0.06466346,0.050098926,0.14304101
a1751.jpg,F0,0.7870595,0.09990645,0.026055053,0.02422489,0.06275414
a178.jpg,F0,0.8373967,0.036572266,0.039964136,0.048761375,0.037305564
a1791.jpg,F0,0.8778397,0.02492701,0.040407088,0.027588071,0.029238142
a180.jpg,F0,0.80277514,0.08485147,0.03443528,0.04454749,0.033390515
a1805.jpg,F0,0.5262784,0.1722173,0.03925003,0.044722833,0.21753146
a1819.jpg,F0,0.71547925,0.09312153,0.03599696,0.042859033,0.1125432
a182.jpg,F0,0.84546214,0.039578598,0.047044422,0.040109843,0.027804999
a188.jpg,F0,0.8765704,0.025051681,0.030404573,0.030858971,0.037114326
a190.jpg,F0,0.88239545,0.032017205,0.026882043,0.029392356,0.029312888
a191.jpg,F0,0.3235683,0.35017127,0.09014662,0.056536265,0.1795775
a1910.jpg,F0,0.90388757,0.021258056,0.024093404,0.022347223,0.0284137
a194.jpg,F0,0.8719724,0.02231094,0.030139042,0.031949405,0.043628242
a1955.jpg,F0,0.81543183,0.06680692,0.030565748,0.029321667,0.05787375
a1958.jpg,F0,0.8160737,0.052953172,0.053802844,0.04323077,0.03393946
a1990.jpg,F0,0.4754764,0.2980966,0.055933867,0.048208985,0.12228409
a1993.jpg,F0,0.65648544,0.15808411,0.050684333,0.04362465,0.09112156
a2037.jpg,F0,0.91442734,0.016314976,0.02316201,0.02478832,0.021307355
a209.jpg,F0,0.2031278,0.43642154,0.08624819,0.049305607,0.22489686
a211.jpg,F0,0.72081167,0.073684454,0.034369804,0.051953927,0.11918014
a2138.jpg,F0,0.36968717,0.30137157,0.049226027,0.052621827,0.22709335
a216.jpg,F0,0.8507687,0.04667666,0.03268894,0.03121825,0.038647566
a219.jpg,F0,0.868615,0.04138851,0.016574305,0.044070195,0.029352022
a225.jpg,F0,0.85261536,0.034843512,0.023328321,0.023468252,0.06574449
a2285.jpg,F0,0.9112345,0.017695574,0.02649471,0.024594603,0.019980595
a2316.jpg,F0,0.7725171,0.1283617,0.026540447,0.025518266,0.047062505
a2335.jpg,F0,0.85987073,0.038056426,0.027331406,0.044158336,0.030583201
a247.jpg,F0,0.8736506,0.027701953,0.03600991,0.021459633,0.041177846
a2473.jpg,F0,0.89408606,0.028070152,0.028661083,0.024275588,0.024907043
a249.jpg,F0,0.76277727,0.09691865,0.07174462,0.034565303,0.033994127
a2528.jpg,F0,0.87248707,0.037874617,0.026626334,0.027115652,0.03589641
a253.jpg,F0,0.9020052,0.020734636,0.027842415,0.019738542,0.029679222
a2541.jpg,F0,0.9033925,0.02320261,0.021035405,0.024523485,0.027845997
a2551.jpg,F0,0.8848903,0.031387508,0.014478386,0.04284857,0.026395192
a2555.jpg,F0,0.8178705,0.06487868,0.039786812,0.045776773,0.0316873
a2556.jpg,F0,0.4384818,0.28571078,0.045156147,0.04534261,0.1853086
a2560.jpg,F0,0.89896065,0.019283764,0.030033449,0.025829267,0.025892818
a2616.jpg,F0,0.8570402,0.041862268,0.03446643,0.018536342,0.048094805
a2694.jpg,F0,0.86067617,0.022925463,0.03156329,0.029794777,0.055040233
a2708.jpg,F0,0.8736506,0.027701953,0.03600991,0.021459633,0.041177846
a2730.jpg,F0,0.66410655,0.17973171,0.03924885,0.035881933,0.081030965
a274.jpg,F0,0.87806326,0.024915555,0.040032797,0.0236962,0.033292167
a275.jpg,F0,0.46550605,0.25907537,0.05088678,0.039942432,0.18458943
a2771.jpg,F0,0.8118045,0.08368035,0.0262018,0.025510151,0.05280314
a2778.jpg,F0,0.65648544,0.15808411,0.050684333,0.04362465,0.09112156
a2783.jpg,F0,0.78309035,0.09655094,0.028500112,0.027791088,0.06406751
a2791.jpg,F0,0.85644734,0.031960033,0.026639927,0.0209619,0.06399082
a2809.jpg,F0,0.8736186,0.026098425,0.023847328,0.037896436,0.038539242
a2812.jpg,F0,0.89898384,0.033584204,0.024027621,0.0244318,0.018972421
a2846.jpg,F0,0.36943752,0.34558737,0.066327885,0.038109403,0.18053778
a2852.jpg,F0,0.37317765,0.10573912,0.06345011,0.068731785,0.38890138
a286.jpg,F0,0.6928257,0.13391049,0.05245051,0.047200877,0.07361239
a2878.jpg,F0,0.8082501,0.088836744,0.02310618,0.023761258,0.056045704
a2884.jpg,F0,0.72789305,0.07217029,0.03458597,0.035508014,0.12984271
a2903.jpg,F0,0.8719724,0.02231094,0.030139042,0.031949405,0.043628242
a2927.jpg,F0,0.8749188,0.019813608,0.042630736,0.026961029,0.03567584
a295.jpg,F0,0.83195084,0.052208707,0.027022256,0.031393655,0.05742456
a298.jpg,F0,0.8386565,0.06137168,0.047863245,0.02663614,0.02547243
a3033.jpg,F0,0.9079736,0.019251125,0.021932188,0.02105972,0.02978332
a3066.jpg,F0,0.90206534,0.015505497,0.024328824,0.025464738,0.0326356
a308.jpg,F0,0.8417355,0.043752544,0.050046217,0.041915577,0.022550195
a3118.jpg,F0,0.71096015,0.14362314,0.035872966,0.06243592,0.047107738
a3140.jpg,F0,0.89460033,0.016845228,0.025794713,0.023068275,0.03969159
a3141.jpg,F0,0.71547925,0.09312153,0.03599696,0.042859033,0.1125432
a315.jpg,F0,0.7505321,0.12957315,0.053709466,0.033540726,0.032644574
a3167.jpg,F0,0.81075656,0.07190444,0.058576796,0.027713964,0.031048238
a320.jpg,F0,0.44981736,0.081930056,0.073089845,0.07132077,0.32384193
a3254.jpg,F0,0.88964945,0.026638538,0.02364645,0.024819938,0.035245575
a3283.jpg,F0,0.8592157,0.058690675,0.023765825,0.02914897,0.029178875
a3302.jpg,F0,0.7577786,0.09878287,0.044215035,0.040568035,0.05865557
a3335.jpg,F0,0.8082501,0.088836744,0.02310618,0.023761258,0.056045704
a3373.jpg,F0,0.8242683,0.058470443,0.037650846,0.047080617,0.032529786
a3407.jpg,F0,0.85802305,0.03871819,0.031666134,0.029839668,0.041752964
a3457.jpg,F0,0.6909487,0.062139172,0.040106133,0.0403669,0.16643906
a347.jpg,F0,0.87989074,0.02604761,0.034666304,0.026105369,0.03329
a3485.jpg,F0,0.8570402,0.041862268,0.03446643,0.018536342,0.048094805
a3499.jpg,F0,0.65648544,0.15808411,0.050684333,0.04362465,0.09112156
a354.jpg,F0,0.8778397,0.02492701,0.040407088,0.027588071,0.029238142
a3556.jpg,F0,0.84546214,0.039578598,0.047044422,0.040109843,0.027804999
a3562.jpg,F0,0.8758667,0.037042893,0.025841098,0.02602355,0.035225715
a3564.jpg,F0,0.90206534,0.015505497,0.024328824,0.025464738,0.0326356
a3588.jpg,F0,0.6333292,0.17747207,0.055800192,0.04441793,0.08898061
a3590.jpg,F0,0.61814725,0.07722435,0.04015175,0.030758383,0.23371828
a360.jpg,F0,0.84418964,0.059452973,0.037669495,0.023348557,0.035339277
a3617.jpg,F0,0.86663276,0.04984673,0.02889667,0.015958771,0.038665067
a3704.jpg,F0,0.90206534,0.015505497,0.024328824,0.025464738,0.0326356
a3716.jpg,F0,0.78006446,0.102216154,0.029169817,0.026865385,0.061684173
a3733.jpg,F0,0.62871665,0.19955792,0.05692831,0.04157224,0.07322491
a3849.jpg,F0,0.8819403,0.018327948,0.027518857,0.028456094,0.04375679
a3861.jpg,F0,0.83706707,0.030526241,0.026933253,0.037877597,0.06759586
a3866.jpg,F0,0.7280736,0.07786215,0.02802058,0.11114419,0.054899443
a3874.jpg,F0,0.8206566,0.0696895,0.031870496,0.0371236,0.04065973
a3941.jpg,F0,0.8716876,0.054518506,0.018612012,0.020217817,0.03496412
a3957.jpg,F0,0.8861429,0.017824953,0.026808098,0.028457146,0.0407669
a3976.jpg,F0,0.8401544,0.04379437,0.0417866,0.042981405,0.031283155
a4010.jpg,F0,0.46550605,0.25907537,0.05088678,0.039942432,0.18458943
a4114.jpg,F0,0.47093502,0.25191587,0.043703467,0.043811247,0.18963441
a4124.jpg,F0,0.7870595,0.09990645,0.026055053,0.02422489,0.06275414
a4179.jpg,F0,0.8749188,0.019813608,0.042630736,0.026961029,0.03567584
a420.jpg,F0,0.44981736,0.081930056,0.073089845,0.07132077,0.32384193
a4209.jpg,F0,0.88969153,0.03154791,0.026951183,0.028251763,0.023557622
a4219.jpg,F0,0.6190893,0.20300443,0.037447777,0.056826677,0.08363179
a4258.jpg,F0,0.7877518,0.09283563,0.028437296,0.034246493,0.056728862
a4327.jpg,F0,0.3235683,0.35017127,0.09014662,0.056536265,0.1795775
a4360.jpg,F0,0.8758667,0.037042893,0.025841098,0.02602355,0.035225715
a4371.jpg,F0,0.7020232,0.082162164,0.050604485,0.081567705,0.0836424
a440.jpg,F0,0.8684754,0.021081666,0.04011864,0.021770354,0.048553973
a4421.jpg,F0,0.6899,0.1793079,0.02884387,0.029229702,0.0727186
a4441.jpg,F0,0.76595724,0.106304236,0.029742183,0.028374143,0.06962231
a4488.jpg,F0,0.9033925,0.02320261,0.021035405,0.024523485,0.027845997
a4513.jpg,F0,0.8821498,0.04147531,0.019298082,0.02230858,0.034768097
a4517.jpg,F0,0.89776695,0.030997997,0.023560477,0.02719365,0.020480819
a4520.jpg,F0,0.3235683,0.35017127,0.09014662,0.056536265,0.1795775
a4538.jpg,F0,0.8959734,0.021790754,0.023105374,0.023275267,0.035855275
a4571.jpg,F0,0.55666685,0.21284738,0.069402315,0.052696757,0.10838663
a4625.jpg,F0,0.63010097,0.05938534,0.046068117,0.051703613,0.21274199
a4652.jpg,F0,0.78633904,0.038937964,0.033084434,0.05195552,0.08968308
a4735.jpg,F0,0.6886773,0.050340638,0.053791974,0.042140335,0.16504969
a4826.jpg,F0,0.90626496,0.017534254,0.02298101,0.023436917,0.02978282
a4829.jpg,F0,0.6072646,0.1364278,0.03372817,0.046300583,0.17627889
a4845.jpg,F0,0.54002494,0.30228975,0.043629773,0.042233128,0.07182243
a4856.jpg,F0,0.8919944,0.021827484,0.04165781,0.027104022,0.017416246
a4877.jpg,F0,0.8591263,0.03706078,0.046944063,0.024848348,0.032020465
a4886.jpg,F0,0.8848903,0.031387508,0.014478386,0.04284857,0.026395192
a4910.jpg,F0,0.7280736,0.07786215,0.02802058,0.11114419,0.054899443
a4914.jpg,F0,0.87248707,0.037874617,0.026626334,0.027115652,0.03589641
a4933.jpg,F0,0.09411698,0.046448495,0.03311583,0.030755073,0.7955637
a4964.jpg,F0,0.4754764,0.2980966,0.055933867,0.048208985,0.12228409
a4988.jpg,F0,0.6179529,0.1548413,0.04916034,0.045403685,0.13264182
a5011.jpg,F0,0.85987073,0.038056426,0.027331406,0.044158336,0.030583201
a5088.jpg,F0,0.50846016,0.28068358,0.058765315,0.030488964,0.12160206
a5166.jpg,F0,0.72789305,0.07217029,0.03458597,0.035508014,0.12984271
a5172.jpg,F0,0.9009033,0.021553088,0.022861885,0.02355642,0.031125257
a5176.jpg,F0,0.9018146,0.027760258,0.022985864,0.025154976,0.022284275
a5268.jpg,F0,0.17064479,0.38844767,0.08829701,0.1157484,0.2368622
a528.jpg,F0,0.4384818,0.28571078,0.045156147,0.04534261,0.1853086
a5284.jpg,F0,0.84344256,0.041554037,0.045010827,0.038981125,0.031011507
a5295.jpg,F0,0.9365965,0.0146630565,0.01884513,0.015942803,0.013952452
a5300.jpg,F0,0.8896548,0.031139763,0.026017841,0.02923327,0.023954248
a5301.jpg,F0,0.20671555,0.22406852,0.05672828,0.058356572,0.45413107
a5310.jpg,F0,0.76277727,0.09691865,0.07174462,0.034565303,0.033994127
a5372.jpg,F0,0.86390054,0.023247227,0.041664246,0.024479752,0.04670829
a5382.jpg,F0,0.8819403,0.018327948,0.027518857,0.028456094,0.04375679
a5395.jpg,F0,0.87248707,0.037874617,0.026626334,0.027115652,0.03589641
a5406.jpg,F0,0.9001739,0.025135886,0.0211705,0.025894545,0.027625266
a5489.jpg,F0,0.9404343,0.012629414,0.01862289,0.015090556,0.013222915
a5518.jpg,F0,0.8765704,0.025051681,0.030404573,0.030858971,0.037114326
a5649.jpg,F0,0.87806326,0.024915555,0.040032797,0.0236962,0.033292167
a5657.jpg,F0,0.8736506,0.027701953,0.03600991,0.021459633,0.041177846
a566.jpg,F0,0.29530546,0.044357542,0.058506366,0.060725108,0.5411055
a5676.jpg,F0,0.87700564,0.046333063,0.015159339,0.04154998,0.019951953
a5680.jpg,F0,0.80186045,0.07794916,0.03211799,0.049429502,0.03864291
a5693.jpg,F0,0.84618455,0.035067387,0.052355085,0.020917704,0.045475308
a5704.jpg,F0,0.85666233,0.03761156,0.037891097,0.039694283,0.02814073
a5774.jpg,F0,0.8719724,0.02231094,0.030139042,0.031949405,0.043628242
a5818.jpg,F0,0.46951228,0.23706625,0.044753563,0.04677514,0.2018927
a585.jpg,F0,0.84054536,0.05172179,0.027720703,0.046592157,0.03342011
a5897.jpg,F0,0.84054536,0.05172179,0.027720703,0.046592157,0.03342011
a5912.jpg,F0,0.78287256,0.06210703,0.034531023,0.036721904,0.083767466
a5957.jpg,F0,0.8996913,0.026836364,0.023920948,0.027667744,0.021883758
a5963.jpg,F0,0.90626496,0.017534254,0.02298101,0.023436917,0.02978282
a6002.jpg,F0,0.20671555,0.22406852,0.05672828,0.058356572,0.45413107
a6006.jpg,F0,0.40996382,0.08123155,0.06360712,0.058718994,0.38647854
a6008.jpg,F0,0.8950189,0.02424204,0.02903889,0.026668105,0.025032155
a6051.jpg,F0,0.46550605,0.25907537,0.05088678,0.039942432,0.18458943
a6080.jpg,F0,0.89857256,0.022546893,0.025246928,0.02852952,0.025104133
a6116.jpg,F0,0.40996382,0.08123155,0.06360712,0.058718994,0.38647854
a6163.jpg,F0,0.72789305,0.07217029,0.03458597,0.035508014,0.12984271
a6225.jpg,F0,0.7280736,0.07786215,0.02802058,0.11114419,0.054899443
a6248.jpg,F0,0.8593033,0.049673866,0.024685621,0.035315976,0.031021168
a6330.jpg,F0,0.8758667,0.037042893,0.025841098,0.02602355,0.035225715
a6351.jpg,F0,0.5234598,0.21130636,0.040029753,0.04516197,0.18004216
a6369.jpg,F0,0.6179529,0.1548413,0.04916034,0.045403685,0.13264182
a6378.jpg,F0,0.80186045,0.07794916,0.03211799,0.049429502,0.03864291
a6408.jpg,F0,0.94692767,0.00952253,0.018337835,0.013345469,0.01186649
a6421.jpg,F0,0.8896399,0.039076235,0.023923755,0.02020915,0.027150914
a6440.jpg,F0,0.8373967,0.036572266,0.039964136,0.048761375,0.037305564
a6455.jpg,F0,0.73003656,0.064862855,0.0398329,0.037252836,0.12801477
a6492.jpg,F0,0.94195896,0.009648373,0.019080276,0.017713733,0.01159867
a6524.jpg,F0,0.48973316,0.23065293,0.041797157,0.044948958,0.19286779
a6526.jpg,F0,0.8950189,0.02424204,0.02903889,0.026668105,0.025032155
a6530.jpg,F0,0.6562436,0.08045646,0.04206191,0.034447096,0.18679088
a6540.jpg,F0,0.8245892,0.058661282,0.038405698,0.041519847,0.03682393
a6562.jpg,F0,0.9071298,0.022378387,0.01615354,0.03375501,0.0205831
a6617.jpg,F0,0.88969153,0.03154791,0.026951183,0.028251763,0.023557622
a6668.jpg,F0,0.89857256,0.022546893,0.025246928,0.02852952,0.025104133
a6679.jpg,F0,0.48677212,0.25542444,0.06466346,0.050098926,0.14304101
a668.jpg,F0,0.77227783,0.11199313,0.029878583,0.027772496,0.058077913
a6684.jpg,F0,0.6899,0.1793079,0.02884387,0.029229702,0.0727186
a6714.jpg,F0,0.89408606,0.028070152,0.028661083,0.024275588,0.024907043
a6717.jpg,F0,0.9020052,0.020734636,0.027842415,0.019738542,0.029679222
a6740.jpg,F0,0.8896548,0.031139763,0.026017841,0.02923327,0.023954248
a6779.jpg,F0,0.9166951,0.023544686,0.020559438,0.023826938,0.015373847
a6812.jpg,F0,0.8765704,0.025051681,0.030404573,0.030858971,0.037114326
a6827.jpg,F0,0.73003656,0.064862855,0.0398329,0.037252836,0.12801477
a6855.jpg,F0,0.8950189,0.02424204,0.02903889,0.026668105,0.025032155
a6929.jpg,F0,0.83706707,0.030526241,0.026933253,0.037877597,0.06759586
a6960.jpg,F0,0.8703238,0.01824072,0.03466319,0.026010482,0.050761763
a6974.jpg,F0,0.8245892,0.058661282,0.038405698,0.041519847,0.03682393
a6988.jpg,F0,0.8765704,0.025051681,0.030404573,0.030858971,0.037114326
a6992.jpg,F0,0.8386565,0.06137168,0.047863245,0.02663614,0.02547243
a7003.jpg,F0,0.43253937,0.28831443,0.05279652,0.042544298,0.18380545
a7014.jpg,F0,0.85802305,0.03871819,0.031666134,0.029839668,0.041752964
a7017.jpg,F0,0.90388757,0.021258056,0.024093404,0.022347223,0.0284137
a7055.jpg,F0,0.90388757,0.021258056,0.024093404,0.022347223,0.0284137
a7063.jpg,F0,0.83049804,0.059771325,0.042027935,0.029705474,0.037997305
a7066.jpg,F0,0.20671555,0.22406852,0.05672828,0.058356572,0.45413107
a7117.jpg,F0,0.90244424,0.012720885,0.027851928,0.021539899,0.035442997
a7144.jpg,F0,0.61814725,0.07722435,0.04015175,0.030758383,0.23371828
a7156.jpg,F0,0.8816451,0.03162497,0.026502958,0.02540941,0.034817662
a7207.jpg,F0,0.8360785,0.0443211,0.04786927,0.040484108,0.031247038
a7235.jpg,F0,0.827407,0.051851567,0.046542976,0.043620463,0.03057788
a724.jpg,F0,0.9404343,0.012629414,0.01862289,0.015090556,0.013222915
a7261.jpg,F0,0.9404343,0.012629414,0.01862289,0.015090556,0.013222915
a7306.jpg,F0,0.59726465,0.15807989,0.0370469,0.04090827,0.1667004
a7327.jpg,F0,0.89460033,0.016845228,0.025794713,0.023068275,0.03969159
a7364.jpg,F0,0.84418964,0.059452973,0.037669495,0.023348557,0.035339277
a741.jpg,F0,0.78287256,0.06210703,0.034531023,0.036721904,0.083767466
a7526.jpg,F0,0.9033925,0.02320261,0.021035405,0.024523485,0.027845997
a7551.jpg,F0,0.87806326,0.024915555,0.040032797,0.0236962,0.033292167
a7574.jpg,F0,0.6602974,0.21021862,0.02326359,0.038173903,0.06804654
a7634.jpg,F0,0.94195896,0.009648373,0.019080276,0.017713733,0.01159867
a7658.jpg,F0,0.91442734,0.016314976,0.02316201,0.02478832,0.021307355
a7673.jpg,F0,0.63010097,0.05938534,0.046068117,0.051703613,0.21274199
a7678.jpg,F0,0.73003656,0.064862855,0.0398329,0.037252836,0.12801477
a7687.jpg,F0,0.71096015,0.14362314,0.035872966,0.06243592,0.047107738
a7733.jpg,F0,0.9020052,0.020734636,0.027842415,0.019738542,0.029679222
a7759.jpg,F0,0.84618455,0.035067387,0.052355085,0.020917704,0.045475308
a7782.jpg,F0,0.85946006,0.035436343,0.042643253,0.037410636,0.025049692
a7821.jpg,F0,0.9071298,0.022378387,0.01615354,0.03375501,0.0205831
a7829.jpg,F0,0.83706707,0.030526241,0.026933253,0.037877597,0.06759586
a7847.jpg,F0,0.5288549,0.103243165,0.051105935,0.038913477,0.27788255
a7855.jpg,F0,0.87806326,0.024915555,0.040032797,0.0236962,0.033292167
a7882.jpg,F0,0.70328563,0.08106357,0.03282248,0.045950115,0.1368782
a7891.jpg,F0,0.8608131,0.027840104,0.040387172,0.042799585,0.02816009
a7901.jpg,F0,0.65648544,0.15808411,0.050684333,0.04362465,0.09112156
a7922.jpg,F0,0.8816451,0.03162497,0.026502958,0.02540941,0.034817662
a7926.jpg,F0,0.89695525,0.023789886,0.022152174,0.022206932,0.03489576
a7990.jpg,F0,0.8704244,0.04349663,0.022911597,0.030526446,0.0326409
a8012.jpg,F0,0.84018064,0.056192223,0.031856373,0.037499744,0.034270998
a8057.jpg,F0,0.42167747,0.21124299,0.111609496,0.08469181,0.17077823
a8091.jpg,F0,0.87806326,0.024915555,0.040032797,0.0236962,0.033292167
a8095.jpg,F0,0.84344256,0.041554037,0.045010827,0.038981125,0.031011507
a8113.jpg,F0,0.78006446,0.102216154,0.029169817,0.026865385,0.061684173
a8132.jpg,F0,0.6881766,0.10018093,0.042485807,0.050205883,0.11895079
a8222.jpg,F0,0.85644734,0.031960033,0.026639927,0.0209619,0.06399082
a8333.jpg,F0,0.8453921,0.04768553,0.034767874,0.044453587,0.027700761
a8357.jpg,F0,0.87536484,0.057723247,0.019339688,0.018939398,0.028632877
a8364.jpg,F0,0.36968717,0.30137157,0.049226027,0.052621827,0.22709335
a8385.jpg,F0,0.59726465,0.15807989,0.0370469,0.04090827,0.1667004
a8386.jpg,F0,0.8357913,0.04504795,0.053491745,0.04301309,0.022655912
a8458.jpg,F0,0.9079736,0.019251125,0.021932188,0.02105972,0.02978332
a8465.jpg,F0,0.8919944,0.021827484,0.04165781,0.027104022,0.017416246
a8485.jpg,F0,0.45761135,0.26490244,0.055933565,0.048295815,0.17325686
a8508.jpg,F0,0.88591504,0.026595775,0.03241273,0.021547416,0.03352902
a8525.jpg,F0,0.83049804,0.059771325,0.042027935,0.029705474,0.037997305
a8539.jpg,F0,0.8417355,0.043752544,0.050046217,0.041915577,0.022550195
a856.jpg,F0,0.7577786,0.09878287,0.044215035,0.040568035,0.05865557
a8575.jpg,F0,0.6602974,0.21021862,0.02326359,0.038173903,0.06804654
a8636.jpg,F0,0.8088622,0.06711794,0.038815983,0.031538762,0.053665064
a8638.jpg,F0,0.6899,0.1793079,0.02884387,0.029229702,0.0727186
a864.jpg,F0,0.87170696,0.034361154,0.014847762,0.052478287,0.026605787
a8672.jpg,F0,0.9280729,0.015432262,0.021078106,0.01767509,0.01774168
a8681.jpg,F0,0.7577786,0.09878287,0.044215035,0.040568035,0.05865557
a8684.jpg,F0,0.88239545,0.032017205,0.026882043,0.029392356,0.029312888
a870.jpg,F0,0.7955154,0.108110525,0.033918194,0.025409881,0.037046093
a8881.jpg,F0,0.8970829,0.019032836,0.031964503,0.026495695,0.025423953
a8922.jpg,F0,0.8547017,0.05058983,0.030650893,0.026799452,0.03725817
a8936.jpg,F0,0.8336441,0.042695124,0.047843352,0.040636618,0.035180803
a8965.jpg,F0,0.46951228,0.23706625,0.044753563,0.04677514,0.2018927
a899.jpg,F0,0.86066806,0.029879304,0.036768425,0.040657494,0.032026697
a902.jpg,F0,0.9018146,0.027760258,0.022985864,0.025154976,0.022284275
a903.jpg,F0,0.827399,0.04555534,0.049192473,0.04621571,0.03163749
a9035.jpg,F0,0.89695525,0.023789886,0.022152174,0.022206932,0.03489576
a9086.jpg,F0,0.83706707,0.030526241,0.026933253,0.037877597,0.06759586
a921.jpg,F0,0.8509837,0.04159084,0.040898588,0.040962152,0.02556469
a9210.jpg,F0,0.71547925,0.09312153,0.03599696,0.042859033,0.1125432
a9219.jpg,F0,0.4384818,0.28571078,0.045156147,0.04534261,0.1853086
a9221.jpg,F0,0.60846436,0.14199479,0.039298713,0.04118861,0.16905351
a9228.jpg,F0,0.89896065,0.019283764,0.030033449,0.025829267,0.025892818
a9231.jpg,F0,0.9095648,0.019519947,0.02568041,0.02309619,0.022138605
a9245.jpg,F0,0.6190893,0.20300443,0.037447777,0.056826677,0.08363179
a9258.jpg,F0,0.90626496,0.017534254,0.02298101,0.023436917,0.02978282
a933.jpg,F0,0.81543183,0.06680692,0.030565748,0.029321667,0.05787375
a9334.jpg,F0,0.67504287,0.13529898,0.05009322,0.04130419,0.09826068
a9340.jpg,F0,0.8106085,0.06776644,0.027255524,0.030450892,0.06391865
a9374.jpg,F0,0.61814725,0.07722435,0.04015175,0.030758383,0.23371828
a9383.jpg,F0,0.8684754,0.021081666,0.04011864,0.021770354,0.048553973
a9402.jpg,F0,0.6899,0.1793079,0.02884387,0.029229702,0.0727186
a9421.jpg,F0,0.87536484,0.057723247,0.019339688,0.018939398,0.028632877
a9422.jpg,F0,0.72417253,0.0714734,0.046204787,0.058594793,0.0995545
a9453.jpg,F0,0.59726465,0.15807989,0.0370469,0.04090827,0.1667004
a9457.jpg,F0,0.8453921,0.04768553,0.034767874,0.044453587,0.027700761
a9468.jpg,F0,0.903165,0.029217646,0.017464587,0.024147764,0.026005065
a948.jpg,F0,0.8479007,0.05572323,0.036653016,0.022842929,0.036880206
a9486.jpg,F0,0.8340606,0.06375639,0.019657206,0.020890892,0.061634827
a9499.jpg,F0,0.9365965,0.0146630565,0.01884513,0.015942803,0.013952452
a9504.jpg,F0,0.70328563,0.08106357,0.03282248,0.045950115,0.1368782
a9511.jpg,F0,0.51444286,0.1492748,0.047868717,0.044246823,0.24416675
a9522.jpg,F0,0.4754764,0.2980966,0.055933867,0.048208985,0.12228409
a9525.jpg,F0,0.88680214,0.026610509,0.031687755,0.033478204,0.021421347
a9574.jpg,F0,0.14269376,0.46797743,0.085793264,0.052522413,0.2510131
a959.jpg,F0,0.8867948,0.023733387,0.04424005,0.029719133,0.01551272
a9634.jpg,F0,0.83706707,0.030526241,0.026933253,0.037877597,0.06759586
a9637.jpg,F0,0.18010342,0.3730735,0.05269434,0.04261035,0.35151836
a9702.jpg,F0,0.8785085,0.028304344,0.023774331,0.0279559,0.04145692
a9761.jpg,F0,0.85644734,0.031960033,0.026639927,0.0209619,0.06399082
a9783.jpg,F0,0.447073,0.109761536,0.03664953,0.04518302,0.3613329
a979.jpg,F0,0.46550605,0.25907537,0.05088678,0.039942432,0.18458943
a9803.jpg,F0,0.8592157,0.058690675,0.023765825,0.02914897,0.029178875
a9843.jpg,F0,0.47970548,0.2894481,0.06991366,0.054301996,0.10663079
a9898.jpg,F0,0.89463186,0.025061145,0.020545704,0.048067126,0.011694077
a9905.jpg,F0,0.59898394,0.12415763,0.047083415,0.035330493,0.19444463
a9964.jpg,F0,0.47970548,0.2894481,0.06991366,0.054301996,0.10663079
g38.jpg,F0,0.36943752,0.34558737,0.066327885,0.038109403,0.18053778
g39.jpg,F0,0.7955154,0.108110525,0.033918194,0.025409881,0.037046093
g40.jpg,F0,0.71894026,0.08467845,0.057019625,0.051625043,0.08773662
h1.jpg,F0,0.88445115,0.030844614,0.02628312,0.026367074,0.032054074
h15.jpg,F0,0.83530205,0.06590146,0.03200161,0.024139479,0.042655382
h19.jpg,F0,0.29530546,0.044357542,0.058506366,0.060725108,0.5411055
h24.jpg,F0,0.45843637,0.119838074,0.05991757,0.053565506,0.30824244
h26.jpg,F0,0.78287256,0.06210703,0.034531023,0.036721904,0.083767466
h30.jpg,F0,0.5907526,0.06985277,0.050730485,0.03821499,0.25044918
h31.jpg,F0,0.5570841,0.15185589,0.041659843,0.04571703,0.2036831
h32.jpg,F0,0.5221029,0.14252493,0.039626483,0.05089811,0.2448476
h33.jpg,F0,0.5234598,0.21130636,0.040029753,0.04516197,0.18004216
h40.jpg,F0,0.47093502,0.25191587,0.043703467,0.043811247,0.18963441
h51.jpg,F0,0.78006446,0.102216154,0.029169817,0.026865385,0.061684173
h52.jpg,F0,0.6108555,0.21389112,0.046609994,0.03677062,0.09187274
h59.jpg,F0,0.3235683,0.35017127,0.09014662,0.056536265,0.1795775
h61.jpg,F0,0.46550605,0.25907537,0.05088678,0.039942432,0.18458943
h63.jpg,F0,0.45761135,0.26490244,0.055933565,0.048295815,0.17325686
h67.jpg,F0,0.60846436,0.14199479,0.039298713,0.04118861,0.16905351
h68.jpg,F0,0.6899,0.1793079,0.02884387,0.029229702,0.0727186
h7.jpg,F0,0.8816451,0.03162497,0.026502958,0.02540941,0.034817662
h70.jpg,F0,0.7725171,0.1283617,0.026540447,0.025518266,0.047062505
h73.jpg,F0,0.44981736,0.081930056,0.073089845,0.07132077,0.32384193
h75.jpg,F0,0.2735633,0.1844014,0.07443304,0.07272681,0.39487547
h80.jpg,F0,0.48677212,0.25542444,0.06466346,0.050098926,0.14304101
h83.jpg,F0,0.6333292,0.17747207,0.055800192,0.04441793,0.08898061
h87.jpg,F0,0.65648544,0.15808411,0.050684333,0.04362465,0.09112156
i1.jpg,F0,0.83195084,0.052208707,0.027022256,0.031393655,0.05742456
i13.jpg,F0,0.77934617,0.055364624,0.037328076,0.03404389,0.093917236
i14.jpg,F0,0.78633904,0.038937964,0.033084434,0.05195552,0.08968308
i19.jpg,F0,0.63010097,0.05938534,0.046068117,0.051703613,0.21274199
i3.jpg,F0,0.61814725,0.07722435,0.04015175,0.030758383,0.23371828
j10.jpg,F0,0.67427665,0.0939865,0.038968723,0.04299524,0.14977285
j11.jpg,F0,0.70328563,0.08106357,0.03282248,0.045950115,0.1368782
j14.jpg,F0,0.9365965,0.0146630565,0.01884513,0.015942803,0.013952452
j15.jpg,F0,0.9342043,0.015527447,0.019167684,0.01674495,0.014355659
j2.jpg,F0,0.42167747,0.21124299,0.111609496,0.08469181,0.17077823
j20.jpg,F0,0.9404343,0.012629414,0.01862289,0.015090556,0.013222915
j30.jpg,F0,0.8998972,0.021675486,0.028864937,0.026431138,0.023131348
j32.jpg,F0,0.88969153,0.03154791,0.026951183,0.028251763,0.023557622
j35.jpg,F0,0.890012,0.025979023,0.030724335,0.028635949,0.024648769
j38.jpg,F0,0.83049804,0.059771325,0.042027935,0.029705474,0.037997305
j40.jpg,F0,0.81065845,0.07040831,0.05761843,0.02849708,0.032817826
j44.jpg,F0,0.88680214,0.026610509,0.031687755,0.033478204,0.021421347
j53.jpg,F0,0.9001739,0.025135886,0.0211705,0.025894545,0.027625266
j54.jpg,F0,0.9033925,0.02320261,0.021035405,0.024523485,0.027845997
j58.jpg,F0,0.88770837,0.019862043,0.025245704,0.04159019,0.025593687
j68.jpg,F0,0.8987291,0.023857402,0.03219807,0.020685263,0.02453019
j70.jpg,F0,0.87629634,0.034515105,0.035866432,0.021817775,0.03150438
j73.jpg,F0,0.8950189,0.02424204,0.02903889,0.026668105,0.025032155
j84.jpg,F0,0.7505321,0.12957315,0.053709466,0.033540726,0.032644574
j85.jpg,F0,0.8459152,0.06539756,0.028484803,0.031569973,0.028632427
j94.jpg,F0,0.84418964,0.059452973,0.037669495,0.023348557,0.035339277
j99.jpg,F0,0.89463186,0.025061145,0.020545704,0.048067126,0.011694077
k1.jpg,F0,0.8206566,0.0696895,0.031870496,0.0371236,0.04065973
k12.jpg,F0,0.827399,0.04555534,0.049192473,0.04621571,0.03163749
k14.jpg,F0,0.8160737,0.052953172,0.053802844,0.04323077,0.03393946
k16.jpg,F0,0.84806263,0.03755964,0.04699346,0.037767276,0.029616943
k2.jpg,F0,0.90813243,0.031587042,0.02122134,0.021819698,0.01723956
k21.jpg,F0,0.88591504,0.026595775,0.03241273,0.021547416,0.03352902
k24.jpg,F0,0.87806326,0.024915555,0.040032797,0.0236962,0.033292167
k32.jpg,F0,0.90626496,0.017534254,0.02298101,0.023436917,0.02978282
k35.jpg,F0,0.89460033,0.016845228,0.025794713,0.023068275,0.03969159
k38.jpg,F0,0.8819403,0.018327948,0.027518857,0.028456094,0.04375679
k43.jpg,F0,0.86067617,0.022925463,0.03156329,0.029794777,0.055040233
k45.jpg,F0,0.8626006,0.027412811,0.03369986,0.02862592,0.04766083
k46.jpg,F0,0.88401216,0.025127217,0.021115988,0.03265268,0.037091862
k47.jpg,F0,0.80442643,0.06507399,0.039120086,0.036693912,0.054685514
k48.jpg,F0,0.84018064,0.056192223,0.031856373,0.037499744,0.034270998
k50.jpg,F0,0.80186045,0.07794916,0.03211799,0.049429502,0.03864291
k55.jpg,F0,0.8594047,0.041342027,0.026782153,0.036244866,0.03622631
k57.jpg,F0,0.85802305,0.03871819,0.031666134,0.029839668,0.041752964
k65.jpg,F0,0.7190971,0.11754948,0.04334316,0.054682873,0.06532738
k68.jpg,F0,0.8106085,0.06776644,0.027255524,0.030450892,0.06391865
k75.jpg,F0,0.8474857,0.029831624,0.039174598,0.05381659,0.02969143
k76.jpg,F0,0.86066806,0.029879304,0.036768425,0.040657494,0.032026697
k83.jpg,F0,0.8357913,0.04504795,0.053491745,0.04301309,0.022655912
k84.jpg,F0,0.85666233,0.03761156,0.037891097,0.039694283,0.02814073
k86.jpg,F0,0.8401544,0.04379437,0.0417866,0.042981405,0.031283155
A8911.jpg,F1,0.10996733,0.5959136,0.09914056,0.09653537,0.09844314
A9304.jpg,F1,0.21321361,0.59061414,0.03326671,0.06457941,0.09832615
B2927.jpg,F1,0.021105394,0.7657965,0.15650398,0.018177629,0.03841654
B3319.jpg,F1,0.02645856,0.9432757,0.0044510574,0.017699912,0.008114831
B7430.jpg,F1,0.02768597,0.33976185,0.5664982,0.033518594,0.03253544
B8932.jpg,F1,0.032607652,0.90029794,0.018541634,0.01178102,0.03677174
C5666.jpg,F1,0.01967664,0.7523294,0.15689385,0.023089744,0.048010398
C7313.jpg,F1,0.047458112,0.27621645,0.5960345,0.05518676,0.025104221
C9467.jpg,F1,0.010864258,0.87630004,0.0753482,0.030416232,0.007071302
D2375.jpg,F1,0.012961116,0.8456906,0.021586105,0.025633475,0.09412867
D2533.jpg,F1,0.19628267,0.3853966,0.14038897,0.20897025,0.06896151
D2745.jpg,F1,0.09278996,0.24857636,0.23891914,0.36196068,0.057753846
D8332.jpg,F1,0.015392128,0.79167277,0.082645826,0.044330146,0.06595913
D9713.jpg,F1,0.09769016,0.78695947,0.024888601,0.03581987,0.054641962
E6701.jpg,F1,0.067059726,0.52313226,0.06902951,0.034159075,0.3066194
E6752.jpg,F1,0.051746536,0.6853575,0.12528704,0.10436522,0.033243682
E7648.jpg,F1,0.09684946,0.72571766,0.019339083,0.03938962,0.11870416
E7791.jpg,F1,0.029832985,0.3578491,0.5725506,0.028308813,0.011458516
F1385.jpg,F1,0.019984648,0.6487416,0.064606845,0.025830586,0.24083628
F5818.jpg,F1,0.070616834,0.23615046,0.41260412,0.27190483,0.008723787
G1237.jpg,F1,0.04286002,0.21545638,0.6539592,0.06840314,0.01932121
G1823.jpg,F1,0.04037811,0.39364508,0.27277187,0.27964914,0.013555845
G4766.jpg,F1,0.035973683,0.32398656,0.50917244,0.11719139,0.01367593
G4841.jpg,F1,0.011219796,0.8964134,0.0077983267,0.047648206,0.036920253
G7641.jpg,F1,0.016020276,0.79986984,0.054436248,0.023901371,0.10577217
H1739.jpg,F1,0.042729877,0.32036006,0.48026863,0.1311957,0.025445677
H4121.jpg,F1,0.022700932,0.69211155,0.2523773,0.024876626,0.007933622
H5393.jpg,F1,0.07336002,0.82016844,0.027150134,0.030349748,0.04897174
H6205.jpg,F1,0.038894076,0.7274542,0.027897926,0.18026525,0.025488622
H7396.jpg,F1,0.08010085,0.5409171,0.0605895,0.032988705,0.28540385
I2648.jpg,F1,0.022289837,0.8563617,0.012028567,0.029111067,0.08020894
I2935.jpg,F1,0.013874916,0.8998336,0.022622375,0.03425038,0.029418634
I345.jpg,F1,0.017950106,0.871884,0.046626758,0.014663113,0.048876073
I6773.jpg,F1,0.062060855,0.40218237,0.40881786,0.06147639,0.06546253
I7660.jpg,F1,0.02768597,0.33976185,0.5664982,0.033518594,0.03253544
J2216.jpg,F1,0.027570462,0.41345128,0.46567512,0.08264575,0.010657366
J459.jpg,F1,0.01650508,0.75624615,0.1870769,0.01400216,0.026169745
L4306.jpg,F1,0.046236195,0.63109344,0.18867503,0.08327318,0.050722178
L9511.jpg,F1,0.022772823,0.5566693,0.17813389,0.051616434,0.19080754
L9560.jpg,F1,0.038929846,0.41667873,0.47953996,0.044799425,0.020052062
M5605.jpg,F1,0.0064731864,0.9486962,0.014766397,0.0066707428,0.02339347
N5313.jpg,F1,0.0005407368,0.9897629,0.002607004,0.0038385177,0.0032508194
N5466.jpg,F1,0.016618017,0.7156505,0.06123481,0.020978384,0.18551832
O3301.jpg,F1,0.10801368,0.49096474,0.050450597,0.06271188,0.28785914
O8976.jpg,F1,0.0035015424,0.9800859,0.005077217,0.005931168,0.005404249
O9820.jpg,F1,0.04096139,0.32805282,0.54766005,0.067697555,0.015628127
P4818.jpg,F1,0.041513897,0.3922622,0.17406142,0.06422826,0.3279342
P6873.jpg,F1,0.07375854,0.54095256,0.10992832,0.045572694,0.22978787
Q3833.jpg,F1,0.031273536,0.41824752,0.47438797,0.066027485,0.0100634415
Q4600.jpg,F1,0.02768597,0.33976185,0.5664982,0.033518594,0.03253544
Q7247.jpg,F1,0.06786992,0.76383543,0.028129334,0.035475865,0.10468944
Q8410.jpg,F1,0.04140208,0.67712045,0.03252868,0.09067005,0.1582787
Q98.jpg,F1,0.034063913,0.48048413,0.07604642,0.380002,0.029403577
R1906.jpg,F1,0.021012679,0.21723406,0.61728424,0.14215283,0.0023162423
R2185.jpg,F1,0.011354934,0.89902145,0.028197022,0.011128441,0.050298225
a11.jpg,F1,0.019607905,0.19680831,0.07359251,0.04627084,0.6637205
a19.jpg,F1,0.0087821875,0.7182042,0.0526547,0.023802195,0.19655672
a22.jpg,F1,0.0018542253,0.9576442,0.020544348,0.007250418,0.012706775
a24.jpg,F1,0.0108860545,0.7054345,0.047116905,0.026489414,0.21007314
a26.jpg,F1,0.022683121,0.8390031,0.037271764,0.01890443,0.08213756
a29.jpg,F1,0.014235394,0.63219106,0.058347106,0.025040425,0.27018598
a31.jpg,F1,0.00512784,0.92020226,0.024207411,0.009467191,0.04099538
a33.jpg,F1,0.016618017,0.7156505,0.06123481,0.020978384,0.18551832
a4.jpg,F1,0.0033960636,0.96410334,0.014710497,0.00599969,0.011790404
a40.jpg,F1,0.0005407368,0.9897629,0.002607004,0.0038385177,0.0032508194
a41.jpg,F1,0.0035997313,0.9425394,0.009239005,0.02310106,0.021520808
a6.jpg,F1,0.011767735,0.89448726,0.02828415,0.009983524,0.055477284
a7.jpg,F1,0.011354934,0.89902145,0.028197022,0.011128441,0.050298225
b11.jpg,F1,0.00020847115,0.9958183,0.0017532277,0.0012055418,0.0010145113
b13.jpg,F1,0.076704726,0.4647425,0.097188935,0.11687383,0.24449003
b20.jpg,F1,0.067059726,0.52313226,0.06902951,0.034159075,0.3066194
b21.jpg,F1,0.071410246,0.4742234,0.080495246,0.03926749,0.3346036
b23.jpg,F1,0.016031787,0.21494861,0.05120989,0.025838643,0.69197106
b25.jpg,F1,0.01844405,0.847776,0.01869566,0.022543019,0.09254123
b4.jpg,F1,0.020569915,0.65788144,0.03820576,0.018110992,0.26523188
b8509.jpg,F1,0.01844405,0.847776,0.01869566,0.022543019,0.09254123
c11.jpg,F1,0.09684946,0.72571766,0.019339083,0.03938962,0.11870416
c2.jpg,F1,0.008289092,0.8761249,0.02926296,0.034930564,0.05139239
c21.jpg,F1,0.023379697,0.7932504,0.04712321,0.03951114,0.09673553
c22.jpg,F1,0.043407094,0.63917047,0.13385385,0.09113946,0.09242909
c29.jpg,F1,0.015324778,0.95524627,0.00958814,0.00911431,0.010726555
c33.jpg,F1,0.04395832,0.8917815,0.018776024,0.023548836,0.021935292
c39.jpg,F1,0.006088811,0.9242379,0.008314695,0.026001332,0.03535724
c40.jpg,F1,0.07099267,0.5968786,0.035379257,0.039609876,0.25713962
c43.jpg,F1,0.10060498,0.8317779,0.021150736,0.017386207,0.029080106
c48.jpg,F1,0.07375854,0.54095256,0.10992832,0.045572694,0.22978787
c5019.jpg,F1,0.026553359,0.6593716,0.079516515,0.045481022,0.18907751
c6.jpg,F1,0.10996733,0.5959136,0.09914056,0.09653537,0.09844314
c6267.jpg,F1,0.02588418,0.36257833,0.479537,0.10647875,0.025521781
c7164.jpg,F1,0.025772031,0.6318856,0.06439204,0.032233354,0.24571702
c9985.jpg,F1,0.01700091,0.80106795,0.16479224,0.009631167,0.0075078025
ct1-11.png,F1,0.026056292,0.56057936,0.37411562,0.022775536,0.016473249
ct1-20.png,F1,0.042729877,0.32036006,0.48026863,0.1311957,0.025445677
ct1-30.png,F1,0.02134635,0.65119797,0.2794991,0.040638078,0.0073184464
ct1-33.png,F1,0.012255689,0.83570254,0.14057966,0.004647855,0.006814297
ct1-34.png,F1,0.008288119,0.7743161,0.20726472,0.0077596675,0.0023714053
ct1-44.png,F1,0.019613612,0.801959,0.053398795,0.087457895,0.037570726
ct1-55.png,F1,0.032409623,0.5169093,0.31550005,0.11469187,0.020489164
ct1-57.png,F1,0.033216882,0.61340463,0.13837583,0.19509871,0.019903969
ct1-64.png,F1,0.033586238,0.62392163,0.23434263,0.057016365,0.051133174
ct1-71.png,F1,0.026965873,0.5131567,0.41015798,0.023840904,0.025878489
ct2-18.png,F1,0.029422337,0.25266576,0.63695693,0.07356298,0.0073920223
ct2-22.png,F1,0.04286002,0.21545638,0.6539592,0.06840314,0.01932121
ct2-24.png,F1,0.04407591,0.35113642,0.48012286,0.08464425,0.040020533
ct2-27.png,F1,0.035167105,0.66676456,0.21609394,0.05773221,0.024242181
ct2-41.png,F1,0.038929846,0.41667873,0.47953996,0.044799425,0.020052062
ct2-42.png,F1,0.021341747,0.37889183,0.5561713,0.040173322,0.0034217667
ct2-44.png,F1,0.05283269,0.46537548,0.06897479,0.17342362,0.2393934
ct2-45.png,F1,0.036792543,0.55884075,0.2111687,0.14052647,0.05267151
ct2-47.png,F1,0.025183242,0.19137858,0.6875796,0.08955649,0.0063021085
ct2-5.png,F1,0.011361241,0.77020586,0.17256902,0.04361193,0.0022519554
ct2-50.png,F1,0.017227339,0.5283427,0.4193305,0.028010383,0.0070890696
ct2-57.png,F1,0.042823683,0.52050704,0.34198415,0.054267153,0.040417932
ct2-60.png,F1,0.031883556,0.3048327,0.58084214,0.06575631,0.016685352
ct2-64.png,F1,0.03003863,0.15508491,0.70417804,0.091474906,0.019223444
ct2-70.png,F1,0.025993679,0.5031549,0.29502383,0.17061585,0.005211816
ct3-1.png,F1,0.026676733,0.49294624,0.41251972,0.040296335,0.027560968
ct3-12.png,F1,0.014867866,0.5706596,0.39554143,0.011149342,0.0077817473
ct3-19.png,F1,0.028419787,0.5400036,0.3575829,0.050569605,0.023424095
ct3-20.png,F1,0.02555355,0.49575406,0.44016483,0.021937871,0.016589645
ct3-22.png,F1,0.06498538,0.37266073,0.4430179,0.04493107,0.07440494
ct3-26.png,F1,0.030774,0.593295,0.2695772,0.050331585,0.056022283
ct3-4.png,F1,0.048243746,0.42213213,0.28628686,0.054968502,0.18836868
ct3-7.png,F1,0.022491343,0.6780403,0.24180564,0.01344602,0.044216596
d1204.jpg,F1,0.02302029,0.46091548,0.47086754,0.01786771,0.027328955
d246.jpg,F1,0.016020276,0.79986984,0.054436248,0.023901371,0.10577217
d482.jpg,F1,0.008289092,0.8761249,0.02926296,0.034930564,0.05139239
d8244.jpg,F1,0.025183242,0.19137858,0.6875796,0.08955649,0.0063021085
d9248.jpg,F1,0.031216843,0.52587587,0.18589969,0.017130278,0.23987731
e1216.jpg,F1,0.010109223,0.8140399,0.050970558,0.023570469,0.10130984
e1871.jpg,F1,0.027570462,0.41345128,0.46567512,0.08264575,0.010657366
e1895.jpg,F1,0.009886743,0.81988215,0.16007155,0.0025425374,0.0076169814
e492.jpg,F1,0.076704726,0.4647425,0.097188935,0.11687383,0.24449003
e498.jpg,F1,0.024778608,0.49194288,0.41585058,0.033248335,0.034179565
e5916.jpg,F1,0.035973683,0.32398656,0.50917244,0.11719139,0.01367593
e7501.jpg,F1,0.043003738,0.58378035,0.299669,0.0400497,0.033497244
f3033.jpg,F1,0.025772031,0.6318856,0.06439204,0.032233354,0.24571702
f4207.jpg,F1,0.015805209,0.8476136,0.043762486,0.023625474,0.06919325
f6167.jpg,F1,0.013605136,0.71906745,0.25413832,0.008384943,0.0048041213
h4461.jpg,F1,0.048574474,0.40197164,0.403678,0.07374558,0.0720303
h653.jpg,F1,0.023592701,0.5848766,0.34650669,0.030718725,0.014305279
i2203.jpg,F1,0.016421983,0.7188222,0.072784945,0.03133743,0.16063343
i5982.jpg,F1,0.010084954,0.9416415,0.0026023518,0.015914617,0.029756516
i6058.jpg,F1,0.031754144,0.545094,0.3166826,0.017010346,0.08945888
i7405.jpg,F1,0.011356251,0.9223309,0.010991672,0.01597551,0.03934568
i9378.jpg,F1,0.0064731864,0.9486962,0.014766397,0.0066707428,0.02339347
j3036.jpg,F1,0.010879106,0.73877627,0.045239594,0.018397043,0.18670799
j4810.jpg,F1,0.07099267,0.5968786,0.035379257,0.039609876,0.25713962
j9172.jpg,F1,0.037455495,0.5399385,0.2199263,0.013427977,0.18925168
k6775.jpg,F1,0.031059613,0.4754252,0.451418,0.024230266,0.01786688
l6856.jpg,F1,0.028794603,0.65550905,0.26158834,0.012479411,0.041628584
l7495.jpg,F1,0.080062024,0.24186145,0.37379736,0.0711764,0.23310274
l8097.jpg,F1,0.042823683,0.52050704,0.34198415,0.054267153,0.040417932
l8625.jpg,F1,0.017627021,0.7814267,0.110787354,0.05568882,0.03447009
l9451.jpg,F1,0.050664157,0.6368532,0.07475088,0.05833575,0.17939605
l9971.jpg,F1,0.03389754,0.46158868,0.41305706,0.014198047,0.077258736
m4032.jpg,F1,0.08010085,0.5409171,0.0605895,0.032988705,0.28540385
m5277.jpg,F1,0.049192607,0.29386425,0.56350493,0.066610955,0.026827276
m9238.jpg,F1,0.017747272,0.64102054,0.30262607,0.021018092,0.017588006
m9804.jpg,F1,0.051746536,0.6853575,0.12528704,0.10436522,0.033243682
n4202.jpg,F1,0.03003863,0.15508491,0.70417804,0.091474906,0.019223444
n6921.jpg,F1,0.03418318,0.5309632,0.3795252,0.04464036,0.010688025
o5718.jpg,F1,0.011767735,0.89448726,0.02828415,0.009983524,0.055477284
o7099.jpg,F1,0.12229058,0.7700978,0.027768714,0.03710788,0.04273507
p1666.jpg,F1,0.07375854,0.54095256,0.10992832,0.045572694,0.22978787
p2095.jpg,F1,0.02089446,0.8191606,0.119497314,0.030549128,0.00989857
p3400.jpg,F1,0.022322416,0.40072277,0.5304522,0.027352596,0.019150041
p7901.jpg,F1,0.013030192,0.8313388,0.14181742,0.009978977,0.0038344988
q3644.jpg,F1,0.014490493,0.61392224,0.07201,0.032422807,0.26715448
q6801.jpg,F1,0.025183242,0.19137858,0.6875796,0.08955649,0.0063021085
q877.jpg,F1,0.026515285,0.36699462,0.5648387,0.022120573,0.019530836
r2643.jpg,F1,0.015770705,0.5342827,0.06637025,0.04043802,0.34313837
I2079.jpg,F2,0.029096413,0.27526045,0.6489397,0.028585931,0.018117497
I9104.jpg,F2,0.027662978,0.23399796,0.6586535,0.07405795,0.005627661
J6388.jpg,F2,0.07101271,0.1526611,0.44050652,0.26508975,0.070729956
K9048.jpg,F2,0.03139989,0.4591821,0.45982325,0.018168973,0.031425808
L1158.jpg,F2,0.022628656,0.049682204,0.8570139,0.06333136,0.007343936
L5410.jpg,F2,0.07794546,0.15304251,0.5486578,0.17587897,0.044475302
M8180.jpg,F2,0.025326572,0.37306428,0.5690297,0.027289782,0.005289729
N204.jpg,F2,0.036825217,0.122776955,0.6363595,0.19141413,0.01262422
N2646.jpg,F2,0.009064981,0.12727684,0.8486798,0.0147298165,0.00024855652
O8817.jpg,F2,0.050841387,0.2177031,0.61646485,0.092135794,0.022854935
P1627.jpg,F2,0.023838788,0.024540162,0.89763796,0.05110172,0.002881358
P5298.jpg,F2,0.023055136,0.14500314,0.69566864,0.13210212,0.004170987
P6599.jpg,F2,0.035692718,0.47729817,0.4396886,0.029295065,0.01802545
P9676.jpg,F2,0.020475892,0.40845782,0.53519005,0.019467412,0.016408853
Q1471.jpg,F2,0.019094897,0.5789357,0.3690987,0.027458258,0.0054124775
Q1928.jpg,F2,0.0275141,0.3899695,0.51463723,0.05118553,0.016693626
Q992.jpg,F2,0.014279161,0.24535038,0.6971443,0.04084882,0.0023773217
R1970.jpg,F2,0.017343475,0.24692991,0.7114577,0.013716612,0.010552223
S2079.jpg,F2,0.019079307,0.52740943,0.42340136,0.019378632,0.010731265
S7698.jpg,F2,0.027404778,0.17728825,0.53166133,0.25403833,0.009607304
S9211.jpg,F2,0.03139989,0.4591821,0.45982325,0.018168973,0.031425808
T7229.jpg,F2,0.038811523,0.09929332,0.6810691,0.17430519,0.0065208673
T9465.jpg,F2,0.01565534,0.72889996,0.22838275,0.018844672,0.008217277
U7380.jpg,F2,0.018581448,0.39948025,0.5457653,0.014785064,0.021387931
U8543.jpg,F2,0.03174891,0.15242805,0.75370276,0.04884886,0.013271426
V1784.jpg,F2,0.029449362,0.79614043,0.1135475,0.030200625,0.030662023
V584.jpg,F2,0.024021212,0.29859287,0.64782816,0.024552405,0.005005331
V9304.jpg,F2,0.04035027,0.25330183,0.65905726,0.024475928,0.02281473
V9875.jpg,F2,0.032288346,0.45798784,0.42826363,0.04614136,0.035318732
W1609.jpg,F2,0.01902616,0.10818121,0.74940187,0.121945515,0.0014452538
W6275.jpg,F2,0.0989812,0.17127056,0.4089002,0.31426793,0.006580068
W6929.jpg,F2,0.039164513,0.08910019,0.7324948,0.05234764,0.0868928
W7514.jpg,F2,0.03943786,0.22282194,0.5713117,0.13813806,0.02829043
X2328.jpg,F2,0.05014418,0.31716397,0.49725887,0.106181204,0.02925185
X4442.jpg,F2,0.013516695,0.2185262,0.7374452,0.0299415,0.0005704186
Y1383.jpg,F2,0.029096413,0.27526045,0.6489397,0.028585931,0.018117497
ct3-34.png,F2,0.035692718,0.47729817,0.4396886,0.029295065,0.01802545
ct3-35.png,F2,0.041102346,0.26401937,0.5748949,0.053900927,0.06608243
ct3-38.png,F2,0.05014418,0.31716397,0.49725887,0.106181204,0.02925185
ct3-46.png,F2,0.05358419,0.4441472,0.32572302,0.102255516,0.07429013
ct3-47.png,F2,0.044569355,0.16805267,0.33505476,0.43311563,0.01920748
ct3-52.png,F2,0.019375991,0.5696681,0.36970448,0.019751335,0.021500105
ct3-55.png,F2,0.03359393,0.43028137,0.3275086,0.025623383,0.18299274
ct3-56.png,F2,0.07745129,0.4401381,0.26388705,0.16774893,0.05077466
ct3-59.png,F2,0.016851999,0.16466011,0.78011227,0.036299136,0.0020765676
ct3-60.png,F2,0.010073678,0.39957654,0.58006126,0.00897485,0.0013136454
ct3-64.png,F2,0.008409665,0.69712627,0.2896084,0.0031033661,0.0017523603
ct3-66.png,F2,0.01748977,0.07996955,0.6851507,0.2156375,0.0017524847
ct4-10.png,F2,0.01763061,0.17106597,0.76338804,0.040695604,0.007219724
ct4-12.png,F2,0.014928103,0.12987947,0.8276234,0.025000598,0.0025684366
ct4-18.png,F2,0.053171836,0.5218172,0.2533797,0.026360046,0.14527121
ct4-25.png,F2,0.027059093,0.28571498,0.63846374,0.028826693,0.019935416
ct4-3.png,F2,0.03986013,0.40627682,0.23104104,0.29984733,0.022974659
ct4-34.png,F2,0.016484817,0.4560519,0.5067049,0.011861475,0.008896922
ct4-4.png,F2,0.018901052,0.07939387,0.861963,0.034755964,0.004986185
ct4-40.png,F2,0.08929158,0.027965033,0.7153085,0.13361922,0.033815674
ct4-62.png,F2,0.0989812,0.17127056,0.4089002,0.31426793,0.006580068
ct4-76.png,F2,0.03139989,0.4591821,0.45982325,0.018168973,0.031425808
ct4-77.png,F2,0.033899378,0.36168927,0.56005853,0.026080726,0.018272176
ct4-86.png,F2,0.01740844,0.03573335,0.8723895,0.07363121,0.0008375366
ct4-88.png,F2,0.029949117,0.48034278,0.42384046,0.0564685,0.009399182
ct5-11.png,F2,0.07794546,0.15304251,0.5486578,0.17587897,0.044475302
ct5-16.png,F2,0.018745197,0.045427002,0.8219412,0.11078723,0.0030993314
ct5-18.png,F2,0.05045171,0.11765056,0.60643095,0.20784487,0.017621944
ct5-20.png,F2,0.035018377,0.19618754,0.69537514,0.066636235,0.006782689
ct5-24.png,F2,0.05357152,0.387422,0.29522517,0.04115803,0.22262338
ct5-25.png,F2,0.03571847,0.40184432,0.20703375,0.04419608,0.31120744
ct5-30.png,F2,0.023055136,0.14500314,0.69566864,0.13210212,0.004170987
ct5-32.png,F2,0.02486913,0.18730529,0.5643592,0.21645257,0.0070138313
ct5-38.png,F2,0.061532486,0.19915904,0.6383565,0.05446407,0.046487935
ct5-43.png,F2,0.034607988,0.29157993,0.6244323,0.032850273,0.016529486
ct5-52.png,F2,0.044184893,0.32901198,0.39010692,0.20691127,0.029784903
ct5-59.png,F2,0.022628656,0.049682204,0.8570139,0.06333136,0.007343936
ct5-61.png,F2,0.059889533,0.079279214,0.60067713,0.24590866,0.014245477
ct5-68.png,F2,0.02063503,0.04676776,0.81669927,0.113199316,0.0026985526
ct5-7.png,F2,0.06903662,0.04909701,0.75388336,0.085641645,0.04234128
ct5-75.png,F2,0.021945529,0.13322175,0.8091859,0.03207957,0.00356721
ct5-76.png,F2,0.028244387,0.12099193,0.8254653,0.01907326,0.006225141
ct5-9.png,F2,0.027144268,0.18330327,0.6748725,0.108042344,0.006637651
ct7-12.png,F2,0.0152262505,0.36936933,0.57689464,0.033461407,0.005048311
ct7-15.png,F2,0.03325251,0.02256029,0.31477913,0.6157955,0.013612608
ct7-18.png,F2,0.014587118,0.6328236,0.33727098,0.008896006,0.006422296
ct7-25.png,F2,0.021463305,0.67082477,0.27672395,0.02009538,0.010892621
ct7-32.png,F2,0.0114627555,0.4573486,0.5221314,0.0069558215,0.0021014072
ct7-33.png,F2,0.09118747,0.037260357,0.68278044,0.15478057,0.03399122
ct7-39.png,F2,0.009064981,0.12727684,0.8486798,0.0147298165,0.00024855652
ct7-40.png,F2,0.0153300455,0.11725668,0.8430372,0.023261895,0.0011142368
ct7-41.png,F2,0.022417454,0.11659691,0.82922167,0.029464357,0.002299581
ct7-55.png,F2,0.009673766,0.24111015,0.7296622,0.018278442,0.0012754808
ct7-58.png,F2,0.034270618,0.11904599,0.65438724,0.18294404,0.00935218
ct7-6.png,F2,0.014613214,0.43522066,0.51285493,0.03275306,0.0045581358
ct7-60.png,F2,0.022880193,0.25641358,0.6869491,0.024602985,0.009154147
ct7-61.png,F2,0.05923882,0.16766652,0.59763676,0.13372473,0.041733123
ct8-12.png,F2,0.022291988,0.078631036,0.4781767,0.41217923,0.00872106
ct8-16.png,F2,0.029550094,0.09257354,0.79266673,0.081101574,0.004108044
ct8-2.png,F2,0.07357171,0.16562082,0.51850164,0.17525336,0.06705249
ct8-28.png,F2,0.04234164,0.2814935,0.5272922,0.11854304,0.030329596
ct8-31.png,F2,0.014800327,0.060914446,0.7482357,0.17056027,0.0054892385
ct8-36.png,F2,0.038592506,0.17355528,0.66030174,0.09423978,0.03331072
ct8-4.png,F2,0.03601976,0.06602117,0.59810936,0.29102135,0.008828371
ct8-6.png,F2,0.039164513,0.08910019,0.7324948,0.05234764,0.0868928
ct8-7.png,F2,0.022768993,0.009527292,0.6432738,0.3170701,0.007359832
i2264.jpg,F2,0.03986013,0.40627682,0.23104104,0.29984733,0.022974659
i2887.jpg,F2,0.021945529,0.13322175,0.8091859,0.03207957,0.00356721
i5303.jpg,F2,0.06989392,0.06666162,0.49207723,0.33444566,0.036921572
i6934.jpg,F2,0.08929158,0.027965033,0.7153085,0.13361922,0.033815674
i7619.jpg,F2,0.040941276,0.44680512,0.45697522,0.04642563,0.008852712
j4408.jpg,F2,0.040393364,0.24262406,0.61902535,0.07126276,0.026694473
j9269.jpg,F2,0.04681163,0.3367223,0.28753296,0.026154451,0.30277863
j9451.jpg,F2,0.031887945,0.22132827,0.65582556,0.077203244,0.013754902
k2385.jpg,F2,0.020523291,0.4707675,0.4795794,0.012833625,0.01629618
k7081.jpg,F2,0.041303545,0.16422151,0.5694112,0.19891031,0.02615342
k8966.jpg,F2,0.012710504,0.22903934,0.7225016,0.03366387,0.0020846815
k9416.jpg,F2,0.06989392,0.06666162,0.49207723,0.33444566,0.036921572
l4977.jpg,F2,0.06677146,0.11687717,0.6291374,0.16118725,0.026026722
l5370.jpg,F2,0.016484817,0.4560519,0.5067049,0.011861475,0.008896922
l8412.jpg,F2,0.017063104,0.5918553,0.36343426,0.009125133,0.018522203
l8933.jpg,F2,0.023055136,0.14500314,0.69566864,0.13210212,0.004170987
m390.jpg,F2,0.04790534,0.12524536,0.71682596,0.044844884,0.065178424
m4367.jpg,F2,0.011101011,0.09930255,0.8786934,0.009877437,0.0010256476
n1129.jpg,F2,0.013002703,0.1789347,0.79028684,0.016281761,0.0014939572
n1561.jpg,F2,0.035018377,0.19618754,0.69537514,0.066636235,0.006782689
n4973.jpg,F2,0.02261609,0.22717719,0.7105551,0.028209908,0.01144175
n6688.jpg,F2,0.01074643,0.6472134,0.32997394,0.011344961,0.0007213053
o3246.jpg,F2,0.033435423,0.2401303,0.6521899,0.03593556,0.038308833
o819.jpg,F2,0.01885444,0.62962353,0.3168698,0.018537847,0.016114343
o8317.jpg,F2,0.028295837,0.29864186,0.6487711,0.022016017,0.0022751496
o8777.jpg,F2,0.05045171,0.11765056,0.60643095,0.20784487,0.017621944
o9645.jpg,F2,0.056855485,0.06236267,0.73959595,0.117196985,0.023988985
o994.jpg,F2,0.008409665,0.69712627,0.2896084,0.0031033661,0.0017523603
p2887.jpg,F2,0.05757849,0.14721629,0.6540506,0.10588275,0.035271883
p5978.jpg,F2,0.03174891,0.15242805,0.75370276,0.04884886,0.013271426
p7842.jpg,F2,0.015534494,0.096510686,0.82474446,0.061081536,0.0021288143
q1855.jpg,F2,0.01740844,0.03573335,0.8723895,0.07363121,0.0008375366
q201.jpg,F2,0.022417454,0.11659691,0.82922167,0.029464357,0.002299581
q3493.jpg,F2,0.035934653,0.3384579,0.50539136,0.11735985,0.002856282
q7227.jpg,F2,0.021824595,0.4971702,0.36678347,0.10437203,0.009849612
r2915.jpg,F2,0.030932609,0.516696,0.37037545,0.06752106,0.014474833
r4605.jpg,F2,0.039599568,0.6419283,0.16657384,0.10037958,0.051518712
s1727.jpg,F2,0.0143119125,0.3683397,0.5647748,0.046845358,0.005728276
s1788.jpg,F2,0.021573745,0.21971335,0.7173674,0.03439044,0.006955098
s8050.jpg,F2,0.02461058,0.44350818,0.4750274,0.03720037,0.01965346
t3569.jpg,F2,0.037442364,0.29728016,0.56088406,0.09443115,0.009962203
t593.jpg,F2,0.009946697,0.3021597,0.6641543,0.022513563,0.001225787
t8800.jpg,F2,0.017631099,0.04750517,0.88734376,0.04672949,0.0007905339
u1792.jpg,F2,0.0071909153,0.2617613,0.7156056,0.015167176,0.0002749776
u2174.jpg,F2,0.014587118,0.6328236,0.33727098,0.008896006,0.006422296
u6709.jpg,F2,0.02969694,0.13613941,0.7248218,0.08499048,0.024351336
v2313.jpg,F2,0.021945529,0.13322175,0.8091859,0.03207957,0.00356721
v6560.jpg,F2,0.02676883,0.10515871,0.78745633,0.060000572,0.020615593
v6722.jpg,F2,0.014119463,0.4559209,0.5128869,0.015022482,0.0020503025
v81.jpg,F2,0.02676883,0.10515871,0.78745633,0.060000572,0.020615593
w4327.jpg,F2,0.03601976,0.06602117,0.59810936,0.29102135,0.008828371
w5487.jpg,F2,0.030137543,0.43675426,0.30747962,0.045131527,0.180497
w9969.jpg,F2,0.020523291,0.4707675,0.4795794,0.012833625,0.01629618
x1250.jpg,F2,0.017631099,0.04750517,0.88734376,0.04672949,0.0007905339
x2620.jpg,F2,0.049244907,0.12819742,0.682967,0.133765,0.00582574
x3524.jpg,F2,0.0153300455,0.11725668,0.8430372,0.023261895,0.0011142368
x8935.jpg,F2,0.06499845,0.15224005,0.6629417,0.0806268,0.039193016
J3166.jpg,F3,0.040412977,0.4345542,0.34751046,0.02637811,0.15114433
J9924.jpg,F3,0.010733564,0.6188509,0.3597934,0.007917473,0.0027047414
K2100.jpg,F3,0.063249886,0.030344391,0.088682815,0.7983307,0.019392168
K4064.jpg,F3,0.03472464,0.43566132,0.4197434,0.090954,0.01891673
L3844.jpg,F3,0.023683436,0.28849298,0.5214895,0.16343,0.0029040794
L437.jpg,F3,0.033603597,0.061125625,0.03836667,0.8536898,0.013214366
L9570.jpg,F3,0.029290168,0.66427237,0.27472118,0.02188783,0.009828437
M8130.jpg,F3,0.04526871,0.047339495,0.71579283,0.18320176,0.008397201
M9367.jpg,F3,0.02774938,0.037960768,0.81540835,0.10505257,0.013828917
N1119.jpg,F3,0.018956684,0.001237529,0.051071513,0.92816234,0.0005718926
N2808.jpg,F3,0.017748985,0.08057233,0.015129804,0.8836755,0.0028733113
N4168.jpg,F3,0.02511532,0.014882713,0.3817696,0.5771378,0.0010945391
N4682.jpg,F3,0.024367899,0.36275962,0.34185356,0.26532435,0.0056945677
N7338.jpg,F3,0.019207451,0.5840883,0.31895426,0.06647557,0.011274332
O1821.jpg,F3,0.044933558,0.2424771,0.62472725,0.07623433,0.0116276955
O4420.jpg,F3,0.03914942,0.014386069,0.6437997,0.30151793,0.0011468845
O8354.jpg,F3,0.042394172,0.17960653,0.5679408,0.19893087,0.011127665
P3218.jpg,F3,0.008675432,0.88244087,0.092111915,0.015986338,0.0007855296
P9355.jpg,F3,0.044933558,0.2424771,0.62472725,0.07623433,0.0116276955
P9858.jpg,F3,0.010801959,0.00928811,0.041418705,0.9379027,0.00058853277
Q3363.jpg,F3,0.081363864,0.03994562,0.4160648,0.44376215,0.018863505
Q7637.jpg,F3,0.03472464,0.43566132,0.4197434,0.090954,0.01891673
Q7727.jpg,F3,0.046561223,0.3874925,0.34656233,0.17645268,0.042931285
Q9025.jpg,F3,0.060751446,0.0069285627,0.047198545,0.86819816,0.016923323
Q9856.jpg,F3,0.012666849,0.52702016,0.4427627,0.0133459885,0.004204268
R6737.jpg,F3,0.03804858,0.6211509,0.24286334,0.08161932,0.01631787
R8024.jpg,F3,0.053267688,0.06982412,0.6342031,0.23497854,0.007726583
S1123.jpg,F3,0.024892591,0.061748214,0.63997024,0.268238,0.005150948
S8884.jpg,F3,0.033822373,0.03363917,0.11360977,0.8147135,0.004215165
S9308.jpg,F3,0.03520547,0.101272374,0.14391242,0.7145474,0.0050623594
T1503.jpg,F3,0.044727728,0.27047735,0.5811721,0.087081656,0.016541138
T1610.jpg,F3,0.037110984,0.21603122,0.16082181,0.58126754,0.004768423
T636.jpg,F3,0.017343486,0.5411721,0.41121644,0.021278692,0.00898932
T828.jpg,F3,0.007814309,0.81784296,0.16805303,0.0040261494,0.0022635355
U2517.jpg,F3,0.028915003,0.048604984,0.37011465,0.5439646,0.008400738
U5433.jpg,F3,0.017797798,0.54000103,0.29014602,0.1502607,0.0017944415
U9104.jpg,F3,0.038562566,0.21005031,0.5583205,0.19032013,0.0027464584
V2371.jpg,F3,0.04133541,0.68016726,0.14378606,0.025536962,0.10917436
V8785.jpg,F3,0.014852151,0.3201699,0.6086174,0.05148692,0.0048736846
W3254.jpg,F3,0.025155947,0.3378209,0.58630097,0.045724325,0.0049979147
W4270.jpg,F3,0.035394754,0.084479146,0.34345332,0.52437174,0.012301038
W521.jpg,F3,0.013750024,0.805083,0.1596348,0.018297408,0.0032348016
W628.jpg,F3,0.032769516,0.057904907,0.40925658,0.49588647,0.004182548
X1959.jpg,F3,0.01693871,0.34526768,0.6041397,0.031320557,0.002333328
X2653.jpg,F3,0.028167939,0.18391106,0.7259046,0.0577864,0.0042300047
X3232.jpg,F3,0.010412017,0.044707537,0.00840638,0.93469,0.0017841267
X3250.jpg,F3,0.011912914,0.6459848,0.32506162,0.016427893,0.0006126738
X3712.jpg,F3,0.040002827,0.5499738,0.22004603,0.112790555,0.07718687
X5741.jpg,F3,0.040554106,0.002880118,0.24925593,0.7030748,0.0042350236
X7248.jpg,F3,0.019263875,0.34985507,0.5932042,0.029988991,0.0076878197
Y1992.jpg,F3,0.0347834,0.41467407,0.11839639,0.42777705,0.0043690656
Y6488.jpg,F3,0.029409051,0.104122266,0.56587887,0.29406253,0.006527297
Y8457.jpg,F3,0.081363864,0.03994562,0.4160648,0.44376215,0.018863505
Z6906.jpg,F3,0.02421589,0.032547608,0.3582166,0.57954556,0.0054743337
ct10-13.png,F3,0.060751446,0.0069285627,0.047198545,0.86819816,0.016923323
ct10-14.png,F3,0.05613782,0.13397503,0.2043529,0.5909036,0.014630658
ct10-29.png,F3,0.0012574987,0.0009770673,0.004045629,0.99370205,1.7751849e-05
ct10-35.png,F3,0.056160763,0.36829054,0.19951257,0.34615496,0.029881148
ct10-36.png,F3,0.05264846,0.0989134,0.52347755,0.31222123,0.012739376
ct10-40.png,F3,0.038734466,0.30635327,0.5623535,0.08258081,0.009977907
ct10-46.png,F3,0.019782225,0.2580483,0.13449174,0.586695,0.0009827077
ct10-62.png,F3,0.0074063484,0.0015772048,0.010613769,0.97973526,0.00066742365
ct10-7.png,F3,0.017748985,0.08057233,0.015129804,0.8836755,0.0028733113
ct11-12.png,F3,0.015919825,0.043176573,0.12816292,0.81053793,0.002202725
ct11-16.png,F3,0.037731033,0.33517414,0.3990942,0.20928262,0.018718008
ct11-17.png,F3,0.03833834,0.040884793,0.5020242,0.41572776,0.0030249204
ct11-18.png,F3,0.025071438,0.095480956,0.8072871,0.06779663,0.004363946
ct11-28.png,F3,0.049478397,0.26054135,0.5168826,0.11924413,0.05385354
ct11-32.png,F3,0.04635745,0.45169327,0.34276524,0.10924146,0.04994257
ct11-40.png,F3,0.042740535,0.59693676,0.28996074,0.031653937,0.038708024
ct11-43.png,F3,0.060318615,0.21927772,0.23369975,0.12058468,0.3661192
ct11-44.png,F3,0.037676606,0.048768498,0.10930731,0.73089886,0.07334873
ct11-46.png,F3,0.0080557605,0.5588272,0.42761785,0.0046967715,0.00080238574
ct11-47.png,F3,0.010210919,0.75888276,0.21349198,0.016825859,0.00058856246
ct11-50.png,F3,0.015523133,0.53453094,0.4296234,0.015114006,0.0052085295
ct11-60.png,F3,0.019207451,0.5840883,0.31895426,0.06647557,0.011274332
ct11-63.png,F3,0.04526871,0.047339495,0.71579283,0.18320176,0.008397201
ct11-71.png,F3,0.048378948,0.44563466,0.394702,0.061158434,0.05012596
ct11-8.png,F3,0.050304633,0.37750596,0.38920027,0.14937127,0.033617828
ct12-19.png,F3,0.0528981,0.31857896,0.4225928,0.13505392,0.07087627
ct12-22.png,F3,0.046561223,0.3874925,0.34656233,0.17645268,0.042931285
ct12-25.png,F3,0.03374124,0.2821272,0.48898333,0.1883242,0.0068240236
ct12-3.png,F3,0.03435158,0.3907418,0.40146986,0.1675249,0.005911955
ct12-36.png,F3,0.021470036,0.23043951,0.5156845,0.23073189,0.0016741151
ct12-39.png,F3,0.05767815,0.18993576,0.46123427,0.19949184,0.09166005
ct12-4.png,F3,0.021731677,0.11713157,0.17999151,0.6793443,0.0018009372
ct12-41.png,F3,0.03779417,0.11174642,0.4986684,0.34574255,0.0060484326
ct12-43.png,F3,0.027968759,0.019390494,0.27365413,0.67619413,0.0027924718
ct12-47.png,F3,0.02482148,0.64162314,0.27770236,0.03193484,0.023918258
ct8-38.png,F3,0.029828489,0.48773438,0.39191282,0.032452837,0.05807146
ct8-51.png,F3,0.048855167,0.35127616,0.4771475,0.10292282,0.019798331
ct8-56.png,F3,0.018312143,0.10811539,0.58771235,0.28328308,0.0025770136
ct8-58.png,F3,0.02260909,0.06660688,0.8313011,0.07658175,0.002901187
ct8-59.png,F3,0.06560879,0.07272652,0.39733785,0.43430537,0.030021474
ct8-68.png,F3,0.019850276,0.028542751,0.136321,0.8138251,0.0014608845
ct8-69.png,F3,0.05038939,0.041344542,0.18272586,0.71054065,0.014999556
ct8-71.png,F3,0.021543132,0.04583814,0.7159832,0.21564786,0.0009877076
ct9-10.png,F3,0.10123184,0.093971595,0.527483,0.24450484,0.032808825
ct9-19.png,F3,0.031281956,0.035795026,0.705812,0.22382098,0.0032900714
ct9-21.png,F3,0.02182563,0.17563611,0.7030451,0.09656692,0.0029261312
ct9-27.png,F3,0.038428593,0.089215904,0.6613453,0.1855157,0.025494564
ct9-3.png,F3,0.017797798,0.54000103,0.29014602,0.1502607,0.0017944415
ct9-30.png,F3,0.053267688,0.06982412,0.6342031,0.23497854,0.007726583
ct9-34.png,F3,0.019828174,0.5362804,0.41403002,0.027525673,0.0023357563
ct9-37.png,F3,0.023422759,0.04026032,0.8082842,0.12707385,0.0009587647
ct9-40.png,F3,0.02370235,0.1921452,0.73544806,0.042152982,0.006551442
ct9-41.png,F3,0.039111108,0.23269051,0.66924304,0.050802592,0.008152714
ct9-54.png,F3,0.012114484,0.021926703,0.4350717,0.52960455,0.0012825888
ct9-57.png,F3,0.03985514,0.016175548,0.8660047,0.07502333,0.0029412163
ct9-58.png,F3,0.03279247,0.54977596,0.28010437,0.027938012,0.10938917
ct9-62.png,F3,0.042394172,0.17960653,0.5679408,0.19893087,0.011127665
ct9-63.png,F3,0.03520547,0.101272374,0.14391242,0.7145474,0.0050623594
ct9-64.png,F3,0.1456357,0.09492833,0.28146273,0.462927,0.015046245
ct9-67.png,F3,0.016072981,0.37154943,0.58737963,0.023469677,0.00152829
ct9-69.png,F3,0.017952643,0.40850046,0.534329,0.030505426,0.008712413
ct9-71.png,F3,0.03605292,0.33843663,0.5236138,0.042293444,0.05960322
ct9-72.png,F3,0.027626988,0.4542125,0.30436248,0.09933137,0.11446667
j3228.jpg,F3,0.04057207,0.2058437,0.5919604,0.15080844,0.010815406
j5988.jpg,F3,0.05483493,0.22412995,0.28553647,0.29657975,0.13891889
j9948.jpg,F3,0.018312143,0.10811539,0.58771235,0.28328308,0.0025770136
k1313.jpg,F3,0.025071438,0.095480956,0.8072871,0.06779663,0.004363946
k3387.jpg,F3,0.03175791,0.0038526782,0.23063904,0.7325584,0.0011920026
k488.jpg,F3,0.0080557605,0.5588272,0.42761785,0.0046967715,0.00080238574
k5543.jpg,F3,0.010468136,0.6353819,0.3248872,0.028813351,0.00044949463
k5900.jpg,F3,0.025332626,0.33626252,0.5879246,0.04011812,0.010362127
k7151.jpg,F3,0.044933558,0.2424771,0.62472725,0.07623433,0.0116276955
k7334.jpg,F3,0.050304633,0.37750596,0.38920027,0.14937127,0.033617828
l2950.jpg,F3,0.0382951,0.062339343,0.15918253,0.73770696,0.0024760354
l6895.jpg,F3,0.04206694,0.087880455,0.16290809,0.6819779,0.025166603
m1384.jpg,F3,0.020362882,0.7879833,0.14591692,0.016116114,0.029620716
m3647.jpg,F3,0.01655854,0.5152778,0.33460358,0.13140231,0.0021578197
m3849.jpg,F3,0.019768812,0.23567578,0.65102434,0.09065195,0.0028790876
m4068.jpg,F3,0.035930432,0.01919585,0.4687105,0.47271955,0.0034436763
m7319.jpg,F3,0.033822373,0.03363917,0.11360977,0.8147135,0.004215165
n567.jpg,F3,0.06560879,0.07272652,0.39733785,0.43430537,0.030021474
n9515.jpg,F3,0.02027307,0.3005429,0.5338675,0.14074437,0.0045721536
o1126.jpg,F3,0.04358518,0.54774904,0.30858067,0.060410533,0.039674513
o1578.jpg,F3,0.029828489,0.48773438,0.39191282,0.032452837,0.05807146
o3327.jpg,F3,0.038562566,0.21005031,0.5583205,0.19032013,0.0027464584
o498.jpg,F3,0.024481237,0.07227632,0.86828166,0.0268176,0.008143235
o7193.jpg,F3,0.047325578,0.01715817,0.4678216,0.45904362,0.008651077
o7398.jpg,F3,0.019828174,0.5362804,0.41403002,0.027525673,0.0023357563
p2166.jpg,F3,0.017699514,0.3197893,0.07388913,0.5867626,0.0018594145
p5351.jpg,F3,0.037788182,0.312379,0.58383936,0.036198154,0.029795324
p5605.jpg,F3,0.048378948,0.44563466,0.394702,0.061158434,0.05012596
p7022.jpg,F3,0.0962152,0.025747836,0.17511559,0.64299285,0.05992859
q7117.jpg,F3,0.015523133,0.53453094,0.4296234,0.015114006,0.0052085295
r2381.jpg,F3,0.048378948,0.44563466,0.394702,0.061158434,0.05012596
r4398.jpg,F3,0.010210919,0.75888276,0.21349198,0.016825859,0.00058856246
r4584.jpg,F3,0.044159997,0.28165954,0.2578716,0.40763983,0.008669048
r7566.jpg,F3,0.05038939,0.041344542,0.18272586,0.71054065,0.014999556
s1732.jpg,F3,0.022550873,0.66702807,0.27634802,0.021203594,0.012869482
s5515.jpg,F3,0.027626988,0.4542125,0.30436248,0.09933137,0.11446667
s853.jpg,F3,0.02482148,0.64162314,0.27770236,0.03193484,0.023918258
t2233.jpg,F3,0.034013525,0.25362286,0.6547284,0.05071461,0.0069206804
t6055.jpg,F3,0.020362882,0.7879833,0.14591692,0.016116114,0.029620716
t6891.jpg,F3,0.02736263,0.027234225,0.028690714,0.91078126,0.005931146
t9488.jpg,F3,0.037676606,0.048768498,0.10930731,0.73089886,0.07334873
t974.jpg,F3,0.02723279,0.045327034,0.020328688,0.89079076,0.016320715
u2243.jpg,F3,0.032846447,0.13756919,0.6089626,0.21449995,0.0061218087
u490.jpg,F3,0.03784078,0.35045728,0.5122851,0.088033386,0.011383402
v2857.jpg,F3,0.0245551,0.093720496,0.05721559,0.81801206,0.0064967214
v3759.jpg,F3,0.022412237,0.08443115,0.48490116,0.40639484,0.0018606206
w1313.jpg,F3,0.02774938,0.037960768,0.81540835,0.10505257,0.013828917
w5881.jpg,F3,0.054190215,0.34836313,0.10808065,0.47615406,0.013211903
w6756.jpg,F3,0.02421589,0.032547608,0.3582166,0.57954556,0.0054743337
w6770.jpg,F3,0.031281956,0.035795026,0.705812,0.22382098,0.0032900714
y3587.jpg,F3,0.03129915,0.015464038,0.31212822,0.63887024,0.0022383549
y9435.jpg,F3,0.058144607,0.0494821,0.49181944,0.3888529,0.011700924
z4531.jpg,F3,0.035182357,0.025647767,0.3956702,0.5419927,0.0015069939
z5083.jpg,F3,0.056160763,0.36829054,0.19951257,0.34615496,0.029881148
F3812.jpg,F4,0.027464263,0.52990156,0.24006565,0.013640354,0.18892814
F6703.jpg,F4,0.024622122,0.02593696,0.037068028,0.043985292,0.8683877
F9024.jpg,F4,0.020400535,0.04756475,0.04000389,0.029767495,0.8622633
F9783.jpg,F4,0.028153686,0.030952858,0.04120173,0.031406913,0.8682849
G5372.jpg,F4,0.09708505,0.16811019,0.23238721,0.047218423,0.4551991
G6213.jpg,F4,0.06467983,0.2984595,0.08627865,0.028641865,0.5219402
G848.jpg,F4,0.043069642,0.11569516,0.048016552,0.034515504,0.75870305
G8785.jpg,F4,0.021048501,0.12648763,0.05295348,0.031307034,0.7682034
G8915.jpg,F4,0.029004855,0.40210342,0.5023889,0.033408742,0.03309407
G9266.jpg,F4,0.064285606,0.28655693,0.5263491,0.05788601,0.06492231
G9968.jpg,F4,0.019267162,0.011806789,0.04942646,0.07159407,0.8479056
H1684.jpg,F4,0.023656135,0.76516503,0.18352117,0.0063987556,0.021259017
H3620.jpg,F4,0.028673833,0.05993351,0.036668282,0.024323318,0.8504011
H5545.jpg,F4,0.021652339,0.44691244,0.4947294,0.014017205,0.022688584
H7090.jpg,F4,0.032319278,0.7057949,0.15846552,0.04661414,0.056806125
H813.jpg,F4,0.02106262,0.02724656,0.04040694,0.03613357,0.8751503
I1001.jpg,F4,0.07048843,0.3417274,0.4388814,0.033376906,0.1155258
I1320.jpg,F4,0.023570027,0.026530668,0.035269972,0.035042115,0.8795872
I2381.jpg,F4,0.046460174,0.50073117,0.31838167,0.023304224,0.11112279
I2733.jpg,F4,0.040751632,0.6016464,0.17100188,0.043395016,0.14320506
I5716.jpg,F4,0.023785124,0.024643159,0.04059212,0.03151799,0.87946147
I8573.jpg,F4,0.015181569,0.10417355,0.053575438,0.020763474,0.80630594
I9333.jpg,F4,0.022475442,0.023542708,0.037308462,0.037619237,0.8790541
J6410.jpg,F4,0.021048501,0.12648763,0.05295348,0.031307034,0.7682034
J9540.jpg,F4,0.05449946,0.34458038,0.32510173,0.03185546,0.24396294
J9938.jpg,F4,0.015556666,0.027126461,0.047493067,0.024211524,0.88561225
K3027.jpg,F4,0.05449946,0.34458038,0.32510173,0.03185546,0.24396294
K4265.jpg,F4,0.027986854,0.030952644,0.041433763,0.030532058,0.8690946
K4740.jpg,F4,0.019972937,0.0315026,0.0513789,0.039799135,0.8573464
K7366.jpg,F4,0.08528336,0.1111837,0.03075165,0.037691977,0.73508936
K8322.jpg,F4,0.024679206,0.019581174,0.040107932,0.027949682,0.88768196
K9604.jpg,F4,0.0664283,0.09431652,0.03741065,0.13903415,0.6628103
L1352.jpg,F4,0.04304996,0.026012294,0.03830434,0.03555452,0.85707897
L1719.jpg,F4,0.021615922,0.019952947,0.031715374,0.03326672,0.8934491
L1795.jpg,F4,0.028673833,0.05993351,0.036668282,0.024323318,0.8504011
L3230.jpg,F4,0.05906662,0.3544146,0.20953386,0.12465573,0.25232914
L3807.jpg,F4,0.032319278,0.7057949,0.15846552,0.04661414,0.056806125
L3956.jpg,F4,0.019267162,0.011806789,0.04942646,0.07159407,0.8479056
L5207.jpg,F4,0.014692922,0.019199649,0.034333028,0.022359233,0.9094151
L5270.jpg,F4,0.029185714,0.017667618,0.038948756,0.033652022,0.88054585
L6605.jpg,F4,0.01837531,0.02244124,0.035111703,0.02805484,0.89601684
L6945.jpg,F4,0.05315162,0.03473563,0.04599648,0.05353525,0.81258094
M1207.jpg,F4,0.04018997,0.08220815,0.045536738,0.040437493,0.7916277
M3343.jpg,F4,0.016619055,0.041806478,0.042813115,0.033106484,0.8656549
M5233.jpg,F4,0.055597562,0.1792814,0.10677679,0.0071115037,0.6512327
M5785.jpg,F4,0.048244394,0.3196753,0.47663417,0.05971637,0.09572973
M9084.jpg,F4,0.04140283,0.28157234,0.5270868,0.04898324,0.100954786
N2583.jpg,F4,0.020400535,0.04756475,0.04000389,0.029767495,0.8622633
N5136.jpg,F4,0.037749536,0.022772491,0.03648799,0.02614881,0.8768412
N624.jpg,F4,0.015103366,0.022638906,0.039667662,0.023080388,0.8995097
N6979.jpg,F4,0.03157493,0.2052002,0.66828674,0.063246265,0.03169187
N8179.jpg,F4,0.029943358,0.6789831,0.20758031,0.010410577,0.07308268
N8952.jpg,F4,0.08295451,0.28639308,0.41580838,0.081160426,0.13368364
O2763.jpg,F4,0.08965052,0.24760853,0.26776052,0.13574563,0.25923485
O3235.jpg,F4,0.050285604,0.3202051,0.50597924,0.091208614,0.03232144
O4213.jpg,F4,0.09015948,0.25244775,0.34427744,0.0735075,0.23960784
O6953.jpg,F4,0.023708781,0.45882598,0.47852466,0.025693929,0.013246737
O7196.jpg,F4,0.035635673,0.61469835,0.20216106,0.035607193,0.11189772
O7660.jpg,F4,0.017365437,0.031107357,0.037408635,0.056741923,0.85737664
O9308.jpg,F4,0.049951114,0.2275526,0.5096926,0.15721512,0.05558854
O9596.jpg,F4,0.03223585,0.0263566,0.035966985,0.023088345,0.88235223
P3165.jpg,F4,0.032319278,0.7057949,0.15846552,0.04661414,0.056806125
P3592.jpg,F4,0.020000499,0.17260346,0.29575497,0.503968,0.0076730824
Q1877.jpg,F4,0.028153686,0.030952858,0.04120173,0.031406913,0.8682849
Q2671.jpg,F4,0.013924774,0.026178874,0.035641775,0.023716006,0.9005385
Q3568.jpg,F4,0.023567904,0.03862637,0.041577745,0.03416358,0.8620645
Q4585.jpg,F4,0.019763213,0.35761482,0.60298663,0.012799474,0.006835875
Q6129.jpg,F4,0.0715613,0.34899288,0.20349462,0.13244788,0.24350324
Q6792.jpg,F4,0.039924107,0.24930139,0.59111863,0.08241806,0.03723775
Q6837.jpg,F4,0.02306041,0.026396295,0.031739723,0.024327254,0.8944763
Q7354.jpg,F4,0.015590435,0.011121651,0.024722653,0.029221598,0.9193437
Q8384.jpg,F4,0.025675166,0.18122277,0.055606395,0.037675217,0.69982046
Q9344.jpg,F4,0.040469017,0.40866214,0.36158475,0.028548239,0.16073589
Q9890.jpg,F4,0.020400535,0.04756475,0.04000389,0.029767495,0.8622633
R1323.jpg,F4,0.01624813,0.037472155,0.052992612,0.03652598,0.8567611
R3635.jpg,F4,0.027859416,0.014408149,0.031954512,0.022803461,0.9029744
R3678.jpg,F4,0.02205731,0.14630863,0.14809264,0.119583465,0.5639579
R8742.jpg,F4,0.037854232,0.04098898,0.043576352,0.035431787,0.8421487
R9783.jpg,F4,0.019972937,0.0315026,0.0513789,0.039799135,0.8573464
S1085.jpg,F4,0.021338347,0.0685622,0.05621493,0.044021953,0.80986255
S1672.jpg,F4,0.029004855,0.40210342,0.5023889,0.033408742,0.03309407
S6207.jpg,F4,0.035704356,0.5958245,0.19008495,0.043696005,0.13469023
S6545.jpg,F4,0.055597562,0.1792814,0.10677679,0.0071115037,0.6512327
S660.jpg,F4,0.08544056,0.19823498,0.088495195,0.04832671,0.5795025
S6826.jpg,F4,0.032934405,0.702266,0.14833094,0.06464425,0.05182448
S7476.jpg,F4,0.019267162,0.011806789,0.04942646,0.07159407,0.8479056
T202.jpg,F4,0.035209075,0.5279775,0.3367411,0.021317597,0.07875476
T415.jpg,F4,0.015556666,0.027126461,0.047493067,0.024211524,0.88561225
T5647.jpg,F4,0.027986854,0.030952644,0.041433763,0.030532058,0.8690946
T6413.jpg,F4,0.028673833,0.05993351,0.036668282,0.024323318,0.8504011
T8592.jpg,F4,0.023834197,0.043285996,0.03695423,0.029487444,0.86643815
T9520.jpg,F4,0.033672992,0.62453765,0.21313883,0.013252526,0.11539799
U1843.jpg,F4,0.024556475,0.03617335,0.05753643,0.038210023,0.84352374
U2147.jpg,F4,0.037854232,0.04098898,0.043576352,0.035431787,0.8421487
U434.jpg,F4,0.04380996,0.37426496,0.40251383,0.025548631,0.15386261
U4785.jpg,F4,0.027859416,0.014408149,0.031954512,0.022803461,0.9029744
U584.jpg,F4,0.022454146,0.013063669,0.02822919,0.025782783,0.9104703
U6078.jpg,F4,0.021001862,0.052857254,0.16415106,0.14247072,0.61951905
U9265.jpg,F4,0.035101756,0.3058502,0.5454831,0.04608544,0.067479506
V2237.jpg,F4,0.0634462,0.34552115,0.30131584,0.15248653,0.13723026
V2723.jpg,F4,0.05823057,0.045818646,0.05088301,0.048755396,0.7963124
V346.jpg,F4,0.07048843,0.3417274,0.4388814,0.033376906,0.1155258
V3750.jpg,F4,0.021435536,0.021574745,0.023433458,0.005310661,0.92824554
V4016.jpg,F4,0.04380996,0.37426496,0.40251383,0.025548631,0.15386261
V8199.jpg,F4,0.083083935,0.3849335,0.19040102,0.024411974,0.31716955
V9174.jpg,F4,0.034502402,0.56317776,0.30234706,0.06812399,0.03184883
V9179.jpg,F4,0.027910145,0.3378485,0.04548265,0.025709774,0.563049
W1604.jpg,F4,0.024556475,0.03617335,0.05753643,0.038210023,0.84352374
W2297.jpg,F4,0.036057472,0.31595898,0.26242065,0.05702221,0.3285407
W2458.jpg,F4,0.021001862,0.052857254,0.16415106,0.14247072,0.61951905
W2644.jpg,F4,0.041195616,0.49348247,0.3928147,0.04213149,0.030375736
W4390.jpg,F4,0.03258726,0.01442228,0.05237123,0.04738601,0.85323334
W9063.jpg,F4,0.027910145,0.3378485,0.04548265,0.025709774,0.563049
W9604.jpg,F4,0.014617659,0.021069676,0.028202819,0.01686803,0.9192418
X3387.jpg,F4,0.016619055,0.041806478,0.042813115,0.033106484,0.8656549
X3429.jpg,F4,0.033465065,0.3792658,0.4386744,0.038504116,0.11009067
X6892.jpg,F4,0.015732639,0.5657577,0.38655993,0.017286113,0.01466362
X8536.jpg,F4,0.019923754,0.05410572,0.08680907,0.07219101,0.76697046
Y2900.jpg,F4,0.030434368,0.035906877,0.047897723,0.03735289,0.8484081
Y5106.jpg,F4,0.012196019,0.7395024,0.22114748,0.0046429406,0.022511128
Y6814.jpg,F4,0.012040757,0.085326254,0.06782365,0.07763345,0.7571759
Y8270.jpg,F4,0.025212519,0.014675983,0.019767134,0.013684872,0.9266596
Y8804.jpg,F4,0.028076105,0.027706211,0.04962407,0.07129995,0.8232936
Y8975.jpg,F4,0.029870069,0.035815686,0.03952664,0.031289212,0.8634985
Z1415.jpg,F4,0.023323098,0.07493333,0.042523455,0.024357803,0.8348623
Z1668.jpg,F4,0.030268347,0.122113846,0.035829004,0.022565827,0.78922296
Z2624.jpg,F4,0.015181569,0.10417355,0.053575438,0.020763474,0.80630594
Z3416.jpg,F4,0.02306041,0.026396295,0.031739723,0.024327254,0.8944763
Z3786.jpg,F4,0.023708781,0.45882598,0.47852466,0.025693929,0.013246737
Z7184.jpg,F4,0.016804202,0.08963963,0.059516437,0.032543357,0.8014963
Z9644.jpg,F4,0.024004385,0.08741725,0.051815853,0.03580791,0.80095464
ct12-51.png,F4,0.03616279,0.3744237,0.46894094,0.10773211,0.012740452
ct12-53.png,F4,0.03821804,0.29075706,0.55522346,0.102930635,0.012870806
ct12-56.png,F4,0.03287167,0.43858105,0.42023897,0.08812728,0.020181106
ct12-58.png,F4,0.020000499,0.17260346,0.29575497,0.503968,0.0076730824
ct12-62.png,F4,0.07082974,0.26172927,0.41682872,0.12304289,0.12756938
ct12-63.png,F4,0.041195616,0.49348247,0.3928147,0.04213149,0.030375736
ct14-17.png,F4,0.062351387,0.30746973,0.50518763,0.037518375,0.087472856
ct14-23.png,F4,0.03907404,0.18142071,0.70422643,0.031749178,0.04352961
ct14-26.png,F4,0.012196019,0.7395024,0.22114748,0.0046429406,0.022511128
ct14-28.png,F4,0.032481324,0.6891279,0.22880094,0.03157029,0.018019613
ct14-33.png,F4,0.023656135,0.76516503,0.18352117,0.0063987556,0.021259017
ct14-38.png,F4,0.013422779,0.75906473,0.21526168,0.0045704516,0.007680391
ct14-4.png,F4,0.075707614,0.2739758,0.17488094,0.025130587,0.45030513
ct14-41.png,F4,0.037432194,0.3320675,0.22197196,0.029290318,0.37923807
ct14-47.png,F4,0.04223022,0.34993327,0.118046895,0.05596959,0.43382004
ct14-55.png,F4,0.037171513,0.5312626,0.18771183,0.013179922,0.23067422
ct15-14.png,F4,0.061520666,0.39431906,0.26406953,0.07807528,0.20201546
ct15-24.png,F4,0.04140283,0.28157234,0.5270868,0.04898324,0.100954786
ct15-25.png,F4,0.072675526,0.3163831,0.40344107,0.1332649,0.07423547
ct15-34.png,F4,0.064285606,0.28655693,0.5263491,0.05788601,0.06492231
ct15-41.png,F4,0.019763213,0.35761482,0.60298663,0.012799474,0.006835875
ct15-45.png,F4,0.016169988,0.39336467,0.5774069,0.006835875,0.0062226
ct15-46.png,F4,0.046460174,0.50073117,0.31838167,0.023304224,0.11112279
ct15-47.png,F4,0.08965052,0.24760853,0.26776052,0.13574563,0.25923485
ct15-49.png,F4,0.0634462,0.34552115,0.30131584,0.15248653,0.13723026
d2.jpg,F4,0.01894735,0.023463957,0.025586663,0.020975357,0.91102666
d22.jpg,F4,0.02106262,0.02724656,0.04040694,0.03613357,0.8751503
d24.jpg,F4,0.021889877,0.027170403,0.038192764,0.03134052,0.8814065
d27.jpg,F4,0.01900091,0.026446737,0.028439527,0.023554647,0.9025582
d28.jpg,F4,0.015311508,0.053700037,0.038462598,0.027239067,0.8652868
d31.jpg,F4,0.020400535,0.04756475,0.04000389,0.029767495,0.8622633
d32.jpg,F4,0.020470597,0.015292184,0.040343635,0.03397819,0.8899154
d36.jpg,F4,0.021615922,0.019952947,0.031715374,0.03326672,0.8934491
d37.jpg,F4,0.018167786,0.012785177,0.026360743,0.032990023,0.9096963
d47.jpg,F4,0.045808338,0.01880555,0.04440936,0.07358105,0.8173957
d49.jpg,F4,0.015181569,0.10417355,0.053575438,0.020763474,0.80630594
d5.jpg,F4,0.015225633,0.01898458,0.023093665,0.018458627,0.92423743
d50.jpg,F4,0.026814418,0.017799601,0.025540713,0.029900238,0.899945
e13.jpg,F4,0.015283169,0.054676153,0.08258327,0.0885822,0.7588752
e20.jpg,F4,0.012040757,0.085326254,0.06782365,0.07763345,0.7571759
e29.jpg,F4,0.029870069,0.035815686,0.03952664,0.031289212,0.8634985
e30.jpg,F4,0.022187745,0.018995574,0.03970635,0.030281788,0.8888285
e31.jpg,F4,0.02298902,0.032536313,0.043896835,0.029360546,0.87121737
e36.jpg,F4,0.037854232,0.04098898,0.043576352,0.035431787,0.8421487
e38.jpg,F4,0.017725479,0.030259773,0.040002506,0.02922039,0.8827919
e40.jpg,F4,0.031232888,0.0414143,0.043228183,0.030024426,0.85410017
e41.jpg,F4,0.027986854,0.030952644,0.041433763,0.030532058,0.8690946
e43.jpg,F4,0.019240603,0.040625423,0.037333917,0.025324816,0.87747526
e44.jpg,F4,0.030268347,0.122113846,0.035829004,0.022565827,0.78922296
e45.jpg,F4,0.043069642,0.11569516,0.048016552,0.034515504,0.75870305
e5.jpg,F4,0.04018997,0.08220815,0.045536738,0.040437493,0.7916277
f13.jpg,F4,0.02061188,0.24943258,0.12228984,0.055480275,0.5521854
f16.jpg,F4,0.013552812,0.031683203,0.042917993,0.029084345,0.88276166
f17.jpg,F4,0.01624813,0.037472155,0.052992612,0.03652598,0.8567611
f19.jpg,F4,0.013919575,0.046616647,0.048710324,0.038226165,0.8525273
f21.jpg,F4,0.023785124,0.024643159,0.04059212,0.03151799,0.87946147
f23.jpg,F4,0.015575347,0.0292706,0.0406976,0.025994714,0.88846177
f24.jpg,F4,0.023323098,0.07493333,0.042523455,0.024357803,0.8348623
f29.jpg,F4,0.01308814,0.02503361,0.049466625,0.020097267,0.89231443
f35.jpg,F4,0.037249964,0.013520129,0.042047553,0.02385793,0.88332444
f36.jpg,F4,0.032645896,0.015726158,0.033588417,0.026134318,0.89190525
f3683.jpg,F4,0.046460174,0.50073117,0.31838167,0.023304224,0.11112279
f3772.jpg,F4,0.083083935,0.3849335,0.19040102,0.024411974,0.31716955
f38.jpg,F4,0.025613466,0.017910983,0.03569378,0.022764292,0.8980174
f3834.jpg,F4,0.047227222,0.6067963,0.28305346,0.027378056,0.035544895
f39.jpg,F4,0.036392026,0.01915348,0.03441435,0.05096915,0.85907096
f41.jpg,F4,0.037749536,0.022772491,0.03648799,0.02614881,0.8768412
f4216.jpg,F4,0.029728916,0.017025564,0.044159953,0.035703503,0.87338203
f4343.jpg,F4,0.009666989,0.010031923,0.02348105,0.013936554,0.9428835
f5594.jpg,F4,0.037171513,0.5312626,0.18771183,0.013179922,0.23067422
f6.jpg,F4,0.019972937,0.0315026,0.0513789,0.039799135,0.8573464
f9813.jpg,F4,0.014692922,0.019199649,0.034333028,0.022359233,0.9094151
g10.jpg,F4,0.022802362,0.037821293,0.049877565,0.033384144,0.8561147
g11.jpg,F4,0.025842035,0.03769495,0.054098874,0.040181983,0.8421822
g19.jpg,F4,0.024556475,0.03617335,0.05753643,0.038210023,0.84352374
g22.jpg,F4,0.049121793,0.0373807,0.052831292,0.051593184,0.809073
g23.jpg,F4,0.05315162,0.03473563,0.04599648,0.05353525,0.81258094
g24.jpg,F4,0.04304996,0.026012294,0.03830434,0.03555452,0.85707897
g26.jpg,F4,0.031105684,0.015032881,0.05673465,0.09338242,0.8037443
g3.jpg,F4,0.016804202,0.08963963,0.059516437,0.032543357,0.8014963
g3057.jpg,F4,0.01665776,0.0954686,0.052253712,0.0860731,0.7495468
g374.jpg,F4,0.035151973,0.58903885,0.2806985,0.048021603,0.047089078
g9.jpg,F4,0.0374971,0.03177929,0.053732704,0.050453026,0.82653797
h2616.jpg,F4,0.04304996,0.026012294,0.03830434,0.03555452,0.85707897
h5239.jpg,F4,0.04191276,0.5980063,0.28496125,0.047967914,0.02715175
h8069.jpg,F4,0.0374971,0.03177929,0.053732704,0.050453026,0.82653797
h9938.jpg,F4,0.042747065,0.06452879,0.03921605,0.031016339,0.8224918
i1267.jpg,F4,0.01308814,0.02503361,0.049466625,0.020097267,0.89231443
i242.jpg,F4,0.039232913,0.23923606,0.5965268,0.088326715,0.03667748
i2743.jpg,F4,0.025263937,0.02480694,0.07006431,0.056941334,0.8229235
i6243.jpg,F4,0.020002637,0.7149724,0.20450531,0.005307766,0.05521186
i6613.jpg,F4,0.034502402,0.56317776,0.30234706,0.06812399,0.03184883
i7696.jpg,F4,0.017747018,0.02625868,0.021901272,0.017236257,0.9168567
i8680.jpg,F4,0.024679206,0.019581174,0.040107932,0.027949682,0.88768196
i9457.jpg,F4,0.04038055,0.35839432,0.48734516,0.03765654,0.076223485
i9968.jpg,F4,0.02298902,0.032536313,0.043896835,0.029360546,0.87121737
j5456.jpg,F4,0.014692922,0.019199649,0.034333028,0.022359233,0.9094151
j6133.jpg,F4,0.026011806,0.05367239,0.089715764,0.039002124,0.7915979
j6328.jpg,F4,0.0664283,0.09431652,0.03741065,0.13903415,0.6628103
k2333.jpg,F4,0.04191276,0.5980063,0.28496125,0.047967914,0.02715175
k262.jpg,F4,0.032934405,0.702266,0.14833094,0.06464425,0.05182448
k3069.jpg,F4,0.01308814,0.02503361,0.049466625,0.020097267,0.89231443
k3284.jpg,F4,0.017358335,0.055328526,0.041536,0.05885086,0.8269262
k4147.jpg,F4,0.049121793,0.0373807,0.052831292,0.051593184,0.809073
k416.jpg,F4,0.021435536,0.021574745,0.023433458,0.005310661,0.92824554
k4219.jpg,F4,0.021889877,0.027170403,0.038192764,0.03134052,0.8814065
k5020.jpg,F4,0.025675166,0.18122277,0.055606395,0.037675217,0.69982046
k8122.jpg,F4,0.025613466,0.017910983,0.03569378,0.022764292,0.8980174
l1640.jpg,F4,0.066098414,0.2793401,0.4004162,0.14550327,0.10864205
l4051.jpg,F4,0.032319278,0.7057949,0.15846552,0.04661414,0.056806125
l4818.jpg,F4,0.018404786,0.03650567,0.045863986,0.0330204,0.8662051
l4822.jpg,F4,0.02367657,0.01794897,0.038649593,0.027397305,0.89232755
m1084.jpg,F4,0.017944096,0.0339759,0.040714785,0.025219608,0.88214564
m2081.jpg,F4,0.023570027,0.026530668,0.035269972,0.035042115,0.8795872
m2567.jpg,F4,0.022911938,0.011449035,0.03141652,0.024647964,0.9095745
m2867.jpg,F4,0.018251449,0.073181175,0.04643778,0.028360156,0.83376944
m3971.jpg,F4,0.022475442,0.023542708,0.037308462,0.037619237,0.8790541
m71.jpg,F4,0.026011806,0.05367239,0.089715764,0.039002124,0.7915979
m8489.jpg,F4,0.0067935563,0.30362213,0.056802996,0.02452303,0.6082583
m8566.jpg,F4,0.021435536,0.021574745,0.023433458,0.005310661,0.92824554
m902.jpg,F4,0.00972228,0.007551581,0.019127341,0.02213054,0.94146824
m9512.jpg,F4,0.014308817,0.010451521,0.029565651,0.029784389,0.91588956
m9856.jpg,F4,0.018717173,0.049180835,0.06031825,0.028710408,0.8430733
n1666.jpg,F4,0.07861528,0.10416141,0.5484235,0.10383177,0.16496809
n1705.jpg,F4,0.012196019,0.7395024,0.22114748,0.0046429406,0.022511128
n354.jpg,F4,0.013919575,0.046616647,0.048710324,0.038226165,0.8525273
n3938.jpg,F4,0.0113106575,0.023987895,0.025021708,0.014999391,0.9246804
n4350.jpg,F4,0.010176201,0.074555926,0.068079345,0.0339925,0.813196
n4498.jpg,F4,0.023786146,0.22358957,0.71961474,0.018704975,0.014304506
n5564.jpg,F4,0.025263937,0.02480694,0.07006431,0.056941334,0.8229235
o2514.jpg,F4,0.0147261815,0.037557907,0.05413404,0.03656522,0.8570167
o2797.jpg,F4,0.026479004,0.22036101,0.037154876,0.03501755,0.6809876
o3334.jpg,F4,0.025613466,0.017910983,0.03569378,0.022764292,0.8980174
o411.jpg,F4,0.022720804,0.020003984,0.037118737,0.028609304,0.89154714
o4643.jpg,F4,0.025613466,0.017910983,0.03569378,0.022764292,0.8980174
o6655.jpg,F4,0.04186646,0.12187013,0.050512414,0.046561655,0.73918927
o8343.jpg,F4,0.024679206,0.019581174,0.040107932,0.027949682,0.88768196
p3666.jpg,F4,0.048244394,0.3196753,0.47663417,0.05971637,0.09572973
p5801.jpg,F4,0.016791774,0.03502941,0.069655634,0.0330772,0.845446
p8888.jpg,F4,0.022187745,0.018995574,0.03970635,0.030281788,0.8888285
p9039.jpg,F4,0.00972228,0.007551581,0.019127341,0.02213054,0.94146824
p969.jpg,F4,0.051952723,0.40270463,0.3824566,0.027523538,0.13536255
q5623.jpg,F4,0.05449946,0.34458038,0.32510173,0.03185546,0.24396294
q5639.jpg,F4,0.027889514,0.07628035,0.023303073,0.003741126,0.86878586
q7237.jpg,F4,0.017428856,0.7791602,0.17272958,0.010071458,0.020609856
q7527.jpg,F4,0.021055331,0.024113871,0.041191105,0.031804714,0.8818351
r1723.jpg,F4,0.015225633,0.01898458,0.023093665,0.018458627,0.92423743
r1887.jpg,F4,0.016169988,0.39336467,0.5774069,0.006835875,0.0062226
r4297.jpg,F4,0.019621033,0.023757396,0.024883758,0.031239709,0.9004981
r4341.jpg,F4,0.04018997,0.08220815,0.045536738,0.040437493,0.7916277
r7181.jpg,F4,0.053044915,0.18252635,0.3564251,0.123686075,0.2843176
s28.jpg,F4,0.033672992,0.62453765,0.21313883,0.013252526,0.11539799
s4525.jpg,F4,0.022911938,0.011449035,0.03141652,0.024647964,0.9095745
s6354.jpg,F4,0.026882825,0.014818665,0.030267928,0.018848324,0.9091823
s6557.jpg,F4,0.015225633,0.01898458,0.023093665,0.018458627,0.92423743
s9625.jpg,F4,0.040469017,0.40866214,0.36158475,0.028548239,0.16073589
t1165.jpg,F4,0.021001862,0.052857254,0.16415106,0.14247072,0.61951905
t2240.jpg,F4,0.012292582,0.09003173,0.0851213,0.038315624,0.7742387
t3453.jpg,F4,0.017725479,0.030259773,0.040002506,0.02922039,0.8827919
t4970.jpg,F4,0.018493881,0.029757492,0.04862679,0.03574331,0.86737853
t6490.jpg,F4,0.046460174,0.50073117,0.31838167,0.023304224,0.11112279
t8.jpg,F4,0.030134995,0.7375675,0.1265852,0.01405746,0.09165488
u1684.jpg,F4,0.04038055,0.35839432,0.48734516,0.03765654,0.076223485
u2300.jpg,F4,0.033672992,0.62453765,0.21313883,0.013252526,0.11539799
u3657.jpg,F4,0.027464263,0.52990156,0.24006565,0.013640354,0.18892814
u3744.jpg,F4,0.01479988,0.035634067,0.03113156,0.017047169,0.9013872
u3748.jpg,F4,0.010176201,0.074555926,0.068079345,0.0339925,0.813196
u4433.jpg,F4,0.019972937,0.0315026,0.0513789,0.039799135,0.8573464
u5719.jpg,F4,0.033465065,0.3792658,0.4386744,0.038504116,0.11009067
u629.jpg,F4,0.019972937,0.0315026,0.0513789,0.039799135,0.8573464
u8209.jpg,F4,0.022802362,0.037821293,0.049877565,0.033384144,0.8561147
u9247.jpg,F4,0.034609724,0.446496,0.23415878,0.02412418,0.2606113
u9815.jpg,F4,0.029728916,0.017025564,0.044159953,0.035703503,0.87338203
v1172.jpg,F4,0.04943587,0.1701093,0.21526968,0.11850529,0.4466799
v2079.jpg,F4,0.029822025,0.029318586,0.060562883,0.05392494,0.8263716
v2156.jpg,F4,0.014617659,0.021069676,0.028202819,0.01686803,0.9192418
v3214.jpg,F4,0.026814418,0.017799601,0.025540713,0.029900238,0.899945
v6404.jpg,F4,0.023656135,0.76516503,0.18352117,0.0063987556,0.021259017
v6417.jpg,F4,0.035101756,0.3058502,0.5454831,0.04608544,0.067479506
v7456.jpg,F4,0.032240264,0.03649093,0.04982156,0.028277311,0.8531699
w2451.jpg,F4,0.06346341,0.07780012,0.1432858,0.00811103,0.7073396
w2727.jpg,F4,0.015225633,0.01898458,0.023093665,0.018458627,0.92423743
w5996.jpg,F4,0.023288488,0.70605844,0.25326884,0.011917423,0.0054668193
w7404.jpg,F4,0.024622122,0.02593696,0.037068028,0.043985292,0.8683877
w7849.jpg,F4,0.04677801,0.1406851,0.74638426,0.05019445,0.015958184
w8066.jpg,F4,0.0610985,0.41538078,0.39460877,0.07350513,0.055406827
w8462.jpg,F4,0.049951114,0.2275526,0.5096926,0.15721512,0.05558854
w933.jpg,F4,0.020470597,0.015292184,0.040343635,0.03397819,0.8899154
w984.jpg,F4,0.027986854,0.030952644,0.041433763,0.030532058,0.8690946
x2273.jpg,F4,0.020251129,0.025741283,0.03497097,0.032849412,0.8861872
x3067.jpg,F4,0.023120573,0.028946847,0.01757044,0.023198882,0.9071632
x5481.jpg,F4,0.02208115,0.18346883,0.07684312,0.037634242,0.67997265
x570.jpg,F4,0.049951114,0.2275526,0.5096926,0.15721512,0.05558854
x6951.jpg,F4,0.018404786,0.03650567,0.045863986,0.0330204,0.8662051
x837.jpg,F4,0.031579375,0.3844725,0.514344,0.033782657,0.035821524
x858.jpg,F4,0.013919575,0.046616647,0.048710324,0.038226165,0.8525273
x8782.jpg,F4,0.01479988,0.035634067,0.03113156,0.017047169,0.9013872
y1418.jpg,F4,0.021338347,0.0685622,0.05621493,0.044021953,0.80986255
y3776.jpg,F4,0.01361473,0.026489066,0.03240404,0.019658316,0.90783393
y4126.jpg,F4,0.072675526,0.3163831,0.40344107,0.1332649,0.07423547
y8562.jpg,F4,0.05823057,0.045818646,0.05088301,0.048755396,0.7963124
y8636.jpg,F4,0.015575347,0.0292706,0.0406976,0.025994714,0.88846177
y9239.jpg,F4,0.04677801,0.1406851,0.74638426,0.05019445,0.015958184
z1604.jpg,F4,0.047227222,0.6067963,0.28305346,0.027378056,0.035544895
z3752.jpg,F4,0.03404413,0.06100378,0.028319681,0.0014521092,0.87518036
z5971.jpg,F4,0.024164712,0.017871518,0.021861989,0.013411915,0.92268986
z8136.jpg,F4,0.03687883,0.33890462,0.3024207,0.045208335,0.2765875
z8605.jpg,F4,0.023567904,0.03862637,0.041577745,0.03416358,0.8620645
z9764.jpg,F4,0.024619928,0.025942111,0.03706646,0.043980833,0.8683907
